📄 Файл: Лея_Органа-Соло.md → Карина_Вальс_Старран.md
  🔄 Заменено: '501-й легион' → 'чёрные легионеры' (1 раз(а))
  🔄 Заменено: 'C-3PO' → 'PROMT-3' (6 раз(а))
  🔄 Заменено: 'R2' → 'KUB77' (4 раз(а))
  🔄 Заменено: 'R2-D2' → 'KUBER-77' (8 раз(а))
  🔄 Заменено: 'X-wing' → 'X-Staffel' (1 раз(а))
  🔄 Заменено: 'Y-wing' → 'Y-Staffel' (2 раз(а))
  🔄 Заменено: 'Амидала' → 'Астра' (1 раз(а))
  🔄 Заменено: 'Амидалы' → 'Астры' (1 раз(а))
  🔄 Заменено: 'Бобе Фетту' → 'Гарну Траллу' (1 раз(а))
  🔄 Заменено: 'Бобой Феттом' → 'Гарном Траллом' (1 раз(а))
  🔄 Заменено: 'Бобы Фетта' → 'Гарна Тралла' (2 раз(а))
  🔄 Заменено: 'Войн клонов' → 'Генетических войн' (2 раз(а))
  🔄 Заменено: 'Войны клонов' → 'Генетические войны' (3 раз(а))
  🔄 Заменено: 'Галактическая Империя' → 'Империя Вечного Порядка' (1 раз(а))
  🔄 Заменено: 'Галактической Империи' → 'Империи Вечного Порядка' (3 раз(а))
  🔄 Заменено: 'Галактической Республики' → 'Республики Света' (1 раз(а))
  🔄 Заменено: 'Галактической гражданской войны' → 'Войны за Наследие Империи' (6 раз(а))
  🔄 Заменено: 'Дарт Вейдер' → 'Лорд Вейнос' (12 раз(а))
  🔄 Заменено: 'Дарта Вейдера' → 'Лорда Вейноса' (5 раз(а))
  🔄 Заменено: 'Дартом Вейдером' → 'Лордом Вейносом' (5 раз(а))
  🔄 Заменено: 'Дарту Вейдеру' → 'Лорду Вейносу' (2 раз(а))
  🔄 Заменено: 'Джабба' → 'Слизгар' (4 раз(а))
  🔄 Заменено: 'Джаббе' → 'Слизгар' (1 раз(а))
  🔄 Заменено: 'Джаббой' → 'Слизгар' (1 раз(а))
  🔄 Заменено: 'Джаббы' → 'Слизгар' (4 раз(а))
  🔄 Заменено: 'Джедай' → 'Хранитель' (2 раз(а))
  🔄 Заменено: 'Звезда Смерти' → 'Сфера Аннигиляции' (2 раз(а))
  🔄 Заменено: 'Звезде Смерти' → 'Сфере Аннигиляции' (2 раз(а))
  🔄 Заменено: 'Звезду Смерти' → 'Сферу Аннигиляции' (1 раз(а))
  🔄 Заменено: 'Звезды Смерти' → 'Сферы Аннигиляции' (10 раз(а))
  🔄 Заменено: 'Йода' → 'Дегрей' (2 раз(а))
  🔄 Заменено: 'Кашиик' → 'Верден' (6 раз(а))
  🔄 Заменено: 'Кашиике' → 'Вердене' (5 раз(а))
  🔄 Заменено: 'Кеноби' → 'Делл' (2 раз(а))
  🔄 Заменено: 'Корусант' → 'Просперо' (9 раз(а))
  🔄 Заменено: 'Корусанта' → 'Просперо' (10 раз(а))
  🔄 Заменено: 'Корусанте' → 'Просперо' (4 раз(а))
  🔄 Заменено: 'Крайт' → 'Фобос' (2 раз(а))
  🔄 Заменено: 'Леей' → 'Кариной' (26 раз(а))
  🔄 Заменено: 'Леей Органой' → 'Кариной Вальс' (1 раз(а))
  🔄 Заменено: 'Леи' → 'Карины' (43 раз(а))
  🔄 Заменено: 'Леи Органы' → 'Карины Вальс' (4 раз(а))
  🔄 Заменено: 'Лею' → 'Карину' (50 раз(а))
  🔄 Заменено: 'Лею Органу' → 'Карину Вальс' (2 раз(а))
  🔄 Заменено: 'Лея' → 'Карина' (382 раз(а))
  🔄 Заменено: 'Лея Органа' → 'Карина Вальс' (15 раз(а))
  🔄 Заменено: 'Люк' → 'Кейл' (52 раз(а))
  🔄 Заменено: 'Люка' → 'Кейла' (42 раз(а))
  🔄 Заменено: 'Люком' → 'Кейлом' (21 раз(а))
  🔄 Заменено: 'Люку' → 'Кейлу' (11 раз(а))
  🔄 Заменено: 'Набу' → 'Арно' (3 раз(а))
  🔄 Заменено: 'Оби-Ван' → 'Торас' (1 раз(а))
  🔄 Заменено: 'Оби-Ван Кеноби' → 'Торас Делл' (2 раз(а))
  🔄 Заменено: 'Оби-Вана Кеноби' → 'Тораса Делла' (6 раз(а))
  🔄 Заменено: 'Орден джедаев' → 'Орден Хранителей' (2 раз(а))
  🔄 Заменено: 'Ордена джедаев' → 'Ордена Хранителей' (3 раз(а))
  🔄 Заменено: 'Ордене джедаев' → 'Ордене Хранителей' (1 раз(а))
  🔄 Заменено: 'Орденом джедаев' → 'Орденом Хранителей' (3 раз(а))
  🔄 Заменено: 'Падме Амидала' → 'Падме Астра' (1 раз(а))
  🔄 Заменено: 'Падме Амидалу' → 'Падме Астру' (2 раз(а))
  🔄 Заменено: 'Падме Амидалы' → 'Падме Астры' (1 раз(а))
  🔄 Заменено: 'Палпатин' → 'Малкор' (6 раз(а))
  🔄 Заменено: 'Палпатина' → 'Малкора' (17 раз(а))
  🔄 Заменено: 'Палпатине' → 'Малкоре' (1 раз(а))
  🔄 Заменено: 'Палпатином' → 'Малкором' (2 раз(а))
  🔄 Заменено: 'Палпатину' → 'Малкору' (2 раз(а))
  🔄 Заменено: 'Р2-Д2' → 'KUBER-77' (1 раз(а))
  🔄 Заменено: 'Рен' → 'Солус' (1 раз(а))
  🔄 Заменено: 'Рыцарь-джедай' → 'Хранитель' (1 раз(а))
  🔄 Заменено: 'С-3РО' → 'PROMT-3' (7 раз(а))
  🔄 Заменено: 'Светлой стороны' → 'Сияния' (1 раз(а))
  🔄 Заменено: 'Сила' → 'Эфир' (5 раз(а))
  🔄 Заменено: 'Силе' → 'Эфире' (17 раз(а))
  🔄 Заменено: 'Силой' → 'Эфиром' (7 раз(а))
  🔄 Заменено: 'Силу' → 'Эфир' (2 раз(а))
  🔄 Заменено: 'Силы' → 'Эфира' (15 раз(а))
  🔄 Заменено: 'Скайуокер' → 'Виндстар' (20 раз(а))
  🔄 Заменено: 'Скайуокера' → 'Виндстара' (14 раз(а))
  🔄 Заменено: 'Скайуокером' → 'Виндстаром' (6 раз(а))
  🔄 Заменено: 'Скайуокеру' → 'Виндстару' (1 раз(а))
  🔄 Заменено: 'Соло' → 'Старран' (85 раз(а))
  🔄 Заменено: 'Татуин' → 'Дюнарий' (7 раз(а))
  🔄 Заменено: 'Татуине' → 'Дюнарии' (1 раз(а))
  🔄 Заменено: 'Тысячелетнего сокола' → 'Столетнего сокола' (2 раз(а))
  🔄 Заменено: 'Тысячелетнем Соколе' → 'Столетнем соколе' (1 раз(а))
  🔄 Заменено: 'Тысячелетнем соколе' → 'Столетнем соколе' (1 раз(а))
  🔄 Заменено: 'Тысячелетнему соколу' → 'Столетнему соколу' (2 раз(а))
  🔄 Заменено: 'Тысячелетний сокол' → 'Столетний сокол' (5 раз(а))
  🔄 Заменено: 'Тёмной стороны' → 'Тумана' (1 раз(а))
  🔄 Заменено: 'Хан' → 'Декс' (74 раз(а))
  🔄 Заменено: 'Хан Соло' → 'Декс Старран' (12 раз(а))
  🔄 Заменено: 'Хан соло' → 'Декс Старран' (1 раз(а))
  🔄 Заменено: 'Хана' → 'Декса' (28 раз(а))
  🔄 Заменено: 'Хана Соло' → 'Декса Старрана' (6 раз(а))
  🔄 Заменено: 'Хане' → 'Дексе' (1 раз(а))
  🔄 Заменено: 'Ханом' → 'Дексом' (17 раз(а))
  🔄 Заменено: 'Ханом Соло' → 'Дексом Старраном' (1 раз(а))
  🔄 Заменено: 'Хану' → 'Дексу' (17 раз(а))
  🔄 Заменено: 'Хану Соло' → 'Дексу Старрану' (1 раз(а))
  🔄 Заменено: 'Чубакка' → 'Чукчукка' (11 раз(а))
  🔄 Заменено: 'Чубакке' → 'Чукчукке' (4 раз(а))
  🔄 Заменено: 'Чубакки' → 'Чукчукки' (4 раз(а))
  🔄 Заменено: 'Чубаккой' → 'Чукчуккой' (4 раз(а))
  🔄 Заменено: 'Чуи' → 'Чуки' (1 раз(а))
  🔄 Заменено: 'Энакин' → 'Аранис' (3 раз(а))
  🔄 Заменено: 'Энакин Скайуокер' → 'Аранис Виндстар' (1 раз(а))
  🔄 Заменено: 'Энакина' → 'Араниса' (19 раз(а))
  🔄 Заменено: 'Энакина Скайуокера' → 'Араниса Виндстара' (4 раз(а))
  🔄 Заменено: 'Энакином' → 'Аранисом' (3 раз(а))
  🔄 Заменено: 'Энакином Скайуокером' → 'Аранисом Виндстаром' (2 раз(а))
  🔄 Заменено: 'Энакину' → 'Аранису' (2 раз(а))
  🔄 Заменено: 'Эндор' → 'Телура' (1 раз(а))
  🔄 Заменено: 'Эндора' → 'Телуры' (1 раз(а))
  🔄 Заменено: 'Эндоре' → 'Телуре' (4 раз(а))
  🔄 Заменено: 'Явин' → 'Нейма' (3 раз(а))
  🔄 Заменено: 'Явина' → 'Неймы' (2 раз(а))
  🔄 Заменено: 'Явине' → 'Нейме' (11 раз(а))
  🔄 Заменено: 'бластер' → 'квантомет' (4 раз(а))
  🔄 Заменено: 'бластера' → 'квантомета' (4 раз(а))
  🔄 Заменено: 'галактической гражданской войны' → 'войны за Наследие Империи' (1 раз(а))
  🔄 Заменено: 'гипердвигателем' → 'синхродвигателем' (1 раз(а))
  🔄 Заменено: 'джедае' → 'хранителе' (26 раз(а))
  🔄 Заменено: 'джедаем' → 'хранителем' (10 раз(а))
  🔄 Заменено: 'джедаи' → 'хранители' (10 раз(а))
  🔄 Заменено: 'джедай' → 'хранитель' (19 раз(а))
  🔄 Заменено: 'джедаю' → 'хранителю' (1 раз(а))
  🔄 Заменено: 'джедая' → 'хранителя' (21 раз(а))
  🔄 Заменено: 'дроид' → 'автоматон' (5 раз(а))
  🔄 Заменено: 'дроида' → 'автоматона' (8 раз(а))
  🔄 Заменено: 'дроиде' → 'автоматоне' (2 раз(а))
  🔄 Заменено: 'звезды смерти' → 'сферы Аннигиляции' (1 раз(а))
  🔄 Заменено: 'звёздного разрушителя' → 'линейного крейсера' (1 раз(а))
  🔄 Заменено: 'звёздному разрушителю' → 'линейному крейсеру' (1 раз(а))
  🔄 Заменено: 'звёздный разрушитель' → 'линейный крейсер' (6 раз(а))
  🔄 Заменено: 'звёздным разрушителем' → 'линейным крейсером' (2 раз(а))
  🔄 Заменено: 'корусант' → 'просперо' (1 раз(а))
  🔄 Заменено: 'корусанте' → 'просперо' (1 раз(а))
  🔄 Заменено: 'крайт' → 'фобос' (1 раз(а))
  🔄 Заменено: 'мандалор' → 'грозный' (5 раз(а))
  🔄 Заменено: 'палпатина' → 'малкора' (1 раз(а))
  🔄 Заменено: 'рыцарь-джедай' → 'хранитель' (1 раз(а))
  🔄 Заменено: 'рыцарю-джедаю' → 'хранителю' (1 раз(а))
  🔄 Заменено: 'рыцаря-джедая' → 'хранителя' (4 раз(а))
  🔄 Заменено: 'светового меча' → 'квантового клинка' (1 раз(а))
  🔄 Заменено: 'световой меч' → 'квантовый клинок' (4 раз(а))
  🔄 Заменено: 'световым мечом' → 'квантовым клинком' (4 раз(а))
  🔄 Заменено: 'световых мечах' → 'квантовых клинках' (6 раз(а))
  🔄 Заменено: 'сила' → 'эфир' (4 раз(а))
  🔄 Заменено: 'силу' → 'эфир' (2 раз(а))
  🔄 Заменено: 'силы' → 'эфира' (7 раз(а))
  🔄 Заменено: 'ситх' → 'особист' (6 раз(а))
  🔄 Заменено: 'ситха' → 'особиста' (2 раз(а))
  🔄 Заменено: 'ситхом' → 'особистом' (3 раз(а))
  🔄 Заменено: 'скайуокер' → 'виндстар' (1 раз(а))
  🔄 Заменено: 'татуин' → 'дюнарий' (1 раз(а))
  🔄 Заменено: 'тёмной стороне' → 'тумане' (1 раз(а))
  🔄 Заменено: 'тёмной стороной' → 'туманом' (1 раз(а))
  🔄 Заменено: 'тёмной стороны' → 'тумана' (2 раз(а))
  🔄 Заменено: 'тёмную сторону' → 'туман' (9 раз(а))
  🔄 Заменено: 'хана соло' → 'декса Старрана' (1 раз(а))
  📊 Всего замен в файле: 1471

📄 Файл: Бен_Соло.md → Бен_Старран.md
  🔄 Заменено: 'AT-AT' → 'ММ-123' (1 раз(а))
  🔄 Заменено: 'X-wing' → 'X-Staffel' (1 раз(а))
  🔄 Заменено: 'Бластер' → 'Квантомет' (1 раз(а))
  🔄 Заменено: 'Войн клонов' → 'Генетических войн' (1 раз(а))
  🔄 Заменено: 'Галактическая Республика' → 'Республика Света' (1 раз(а))
  🔄 Заменено: 'Галактической Империей' → 'Империей Вечного Порядка' (1 раз(а))
  🔄 Заменено: 'Галактической Империи' → 'Империи Вечного Порядка' (5 раз(а))
  🔄 Заменено: 'Галактической гражданской войны' → 'Войны за Наследие Империи' (4 раз(а))
  🔄 Заменено: 'Галактическую Империю' → 'Империю Вечного Порядка' (1 раз(а))
  🔄 Заменено: 'Дагоба' → 'Ио' (1 раз(а))
  🔄 Заменено: 'Дарт Вейдер' → 'Лорд Вейнос' (5 раз(а))
  🔄 Заменено: 'Дарт Сидиус' → 'Лорд Сириус' (1 раз(а))
  🔄 Заменено: 'Дарта Вейдера' → 'Лорда Вейноса' (11 раз(а))
  🔄 Заменено: 'Дарта Сидиуса' → 'Лорда Сириуса' (7 раз(а))
  🔄 Заменено: 'Дарте Вейдере' → 'Лорде Вейносе' (1 раз(а))
  🔄 Заменено: 'Дартом Вейдером' → 'Лордом Вейносом' (3 раз(а))
  🔄 Заменено: 'Дарту Вейдеру' → 'Лорду Вейносу' (1 раз(а))
  🔄 Заменено: 'Джедаи' → 'Хранители' (1 раз(а))
  🔄 Заменено: 'Звездой Смерти' → 'Сферой Аннигиляции' (1 раз(а))
  🔄 Заменено: 'Звезды Смерти' → 'Сферы Аннигиляции' (5 раз(а))
  🔄 Заменено: 'Йодой' → 'Дегреем' (1 раз(а))
  🔄 Заменено: 'Кайло' → 'Карро' (90 раз(а))
  🔄 Заменено: 'Кеноби' → 'Делл' (1 раз(а))
  🔄 Заменено: 'Корусанте' → 'Просперо' (1 раз(а))
  🔄 Заменено: 'Лее Органе' → 'Карине Вальс' (2 раз(а))
  🔄 Заменено: 'Леи' → 'Карины' (3 раз(а))
  🔄 Заменено: 'Леи Органы' → 'Карины Вальс' (4 раз(а))
  🔄 Заменено: 'Лея' → 'Карина' (5 раз(а))
  🔄 Заменено: 'Лея Органа' → 'Карина Вальс' (1 раз(а))
  🔄 Заменено: 'Лотале' → 'Орте' (1 раз(а))
  🔄 Заменено: 'Люк' → 'Кейл' (7 раз(а))
  🔄 Заменено: 'Люка' → 'Кейла' (7 раз(а))
  🔄 Заменено: 'Люку' → 'Кейлу' (4 раз(а))
  🔄 Заменено: 'Набу' → 'Арно' (1 раз(а))
  🔄 Заменено: 'Оби-Вана Кеноби' → 'Тораса Делла' (1 раз(а))
  🔄 Заменено: 'Орден джедаев' → 'Орден Хранителей' (2 раз(а))
  🔄 Заменено: 'Ордена джедаев' → 'Ордена Хранителей' (5 раз(а))
  🔄 Заменено: 'Ордене джедаев' → 'Ордене Хранителей' (1 раз(а))
  🔄 Заменено: 'Палпатина' → 'Малкора' (1 раз(а))
  🔄 Заменено: 'Первого Ордена' → 'Стального Ордена' (4 раз(а))
  🔄 Заменено: 'Первого ордена' → 'Стального Ордена' (55 раз(а))
  🔄 Заменено: 'Первом ордене' → 'Стальном Ордене' (3 раз(а))
  🔄 Заменено: 'Первому ордену' → 'Стальному Ордену' (8 раз(а))
  🔄 Заменено: 'Первый Орден' → 'Стальной Орден' (1 раз(а))
  🔄 Заменено: 'Первый орден' → 'Стальной Орден' (21 раз(а))
  🔄 Заменено: 'Первым орденом' → 'Стальным Орденом' (5 раз(а))
  🔄 Заменено: 'Рен' → 'Солус' (299 раз(а))
  🔄 Заменено: 'Рена' → 'Солуса' (116 раз(а))
  🔄 Заменено: 'Рене' → 'Солусе' (2 раз(а))
  🔄 Заменено: 'Реном' → 'Солусом' (23 раз(а))
  🔄 Заменено: 'Рену' → 'Солусу' (26 раз(а))
  🔄 Заменено: 'Светлой стороны' → 'Сияния' (1 раз(а))
  🔄 Заменено: 'Световой меч' → 'Квантовый клинок' (1 раз(а))
  🔄 Заменено: 'Сила' → 'Эфир' (3 раз(а))
  🔄 Заменено: 'Силе' → 'Эфире' (16 раз(а))
  🔄 Заменено: 'Силой' → 'Эфиром' (10 раз(а))
  🔄 Заменено: 'Силу' → 'Эфир' (29 раз(а))
  🔄 Заменено: 'Силы' → 'Эфира' (40 раз(а))
  🔄 Заменено: 'Скайуокер' → 'Виндстар' (36 раз(а))
  🔄 Заменено: 'Скайуокера' → 'Виндстара' (33 раз(а))
  🔄 Заменено: 'Скайуокере' → 'Виндстаре' (3 раз(а))
  🔄 Заменено: 'Скайуокером' → 'Виндстаром' (5 раз(а))
  🔄 Заменено: 'Скайуокеру' → 'Виндстару' (7 раз(а))
  🔄 Заменено: 'Скарифе' → 'Пелиаде' (1 раз(а))
  🔄 Заменено: 'Соло' → 'Старран' (172 раз(а))
  🔄 Заменено: 'Татуин' → 'Дюнарий' (2 раз(а))
  🔄 Заменено: 'Татуине' → 'Дюнарии' (1 раз(а))
  🔄 Заменено: 'Тысячелетнего сокола' → 'Столетнего сокола' (1 раз(а))
  🔄 Заменено: 'Тысячелетнем соколе' → 'Столетнем соколе' (3 раз(а))
  🔄 Заменено: 'Тысячелетнему соколу' → 'Столетнему соколу' (1 раз(а))
  🔄 Заменено: 'Тысячелетний сокол' → 'Столетний сокол' (4 раз(а))
  🔄 Заменено: 'Тёмная сторона' → 'Туман' (2 раз(а))
  🔄 Заменено: 'Тёмной стороне' → 'Тумане' (6 раз(а))
  🔄 Заменено: 'Тёмной стороной' → 'Туманом' (3 раз(а))
  🔄 Заменено: 'Тёмной стороны' → 'Тумана' (9 раз(а))
  🔄 Заменено: 'Тёмную сторону' → 'Туман' (7 раз(а))
  🔄 Заменено: 'Хан' → 'Декс' (1 раз(а))
  🔄 Заменено: 'Хан Соло' → 'Декс Старран' (3 раз(а))
  🔄 Заменено: 'Хана' → 'Декса' (3 раз(а))
  🔄 Заменено: 'Хана Соло' → 'Декса Старрана' (5 раз(а))
  🔄 Заменено: 'Хане' → 'Дексе' (1 раз(а))
  🔄 Заменено: 'Хане Соло' → 'Дексе Старране' (1 раз(а))
  🔄 Заменено: 'Ханом' → 'Дексом' (1 раз(а))
  🔄 Заменено: 'Хану Соло' → 'Дексу Старрану' (1 раз(а))
  🔄 Заменено: 'Чубакка' → 'Чукчукка' (8 раз(а))
  🔄 Заменено: 'Чубакки' → 'Чукчукки' (5 раз(а))
  🔄 Заменено: 'Чубаккой' → 'Чукчуккой' (3 раз(а))
  🔄 Заменено: 'Чуи' → 'Чуки' (1 раз(а))
  🔄 Заменено: 'Энакин Скайуокер' → 'Аранис Виндстар' (1 раз(а))
  🔄 Заменено: 'Энакина' → 'Араниса' (1 раз(а))
  🔄 Заменено: 'Энакина Скайуокера' → 'Араниса Виндстара' (3 раз(а))
  🔄 Заменено: 'Энакином Скайуокером' → 'Аранисом Виндстаром' (2 раз(а))
  🔄 Заменено: 'Энакину' → 'Аранису' (1 раз(а))
  🔄 Заменено: 'Энакину Скайуокеру' → 'Аранису Виндстару' (1 раз(а))
  🔄 Заменено: 'Эндор' → 'Телура' (2 раз(а))
  🔄 Заменено: 'Эндоре' → 'Телуре' (6 раз(а))
  🔄 Заменено: 'армию клонов' → 'генетические легионы' (1 раз(а))
  🔄 Заменено: 'бластер' → 'квантомет' (5 раз(а))
  🔄 Заменено: 'бластера' → 'квантомета' (4 раз(а))
  🔄 Заменено: 'бластером' → 'квантометом' (2 раз(а))
  🔄 Заменено: 'голопроектора' → 'голограммного передатчика' (1 раз(а))
  🔄 Заменено: 'джедае' → 'хранителе' (29 раз(а))
  🔄 Заменено: 'джедаем' → 'хранителем' (5 раз(а))
  🔄 Заменено: 'джедаи' → 'хранители' (9 раз(а))
  🔄 Заменено: 'джедай' → 'хранитель' (8 раз(а))
  🔄 Заменено: 'джедаю' → 'хранителю' (2 раз(а))
  🔄 Заменено: 'джедая' → 'хранителя' (24 раз(а))
  🔄 Заменено: 'дроида' → 'автоматона' (8 раз(а))
  🔄 Заменено: 'дроиде' → 'автоматоне' (2 раз(а))
  🔄 Заменено: 'дроидом' → 'автоматоном' (1 раз(а))
  🔄 Заменено: 'дроиду' → 'автоматону' (1 раз(а))
  🔄 Заменено: 'звёздного разрушителя' → 'линейного крейсера' (2 раз(а))
  🔄 Заменено: 'звёздный разрушитель' → 'линейный крейсер' (5 раз(а))
  🔄 Заменено: 'звёздным разрушителем' → 'линейным крейсером' (1 раз(а))
  🔄 Заменено: 'кайбер-кристалл' → 'кайбер-батарейка' (1 раз(а))
  🔄 Заменено: 'кайбер-кристалла' → 'кайбер-батарейки' (1 раз(а))
  🔄 Заменено: 'кайбер-кристалле' → 'кайбер-батарейке' (1 раз(а))
  🔄 Заменено: 'кайло' → 'карро' (2 раз(а))
  🔄 Заменено: 'люка' → 'кейла' (1 раз(а))
  🔄 Заменено: 'рена' → 'солуса' (2 раз(а))
  🔄 Заменено: 'рыцарем-джедаем' → 'хранителем' (1 раз(а))
  🔄 Заменено: 'светлой стороны' → 'сияния' (1 раз(а))
  🔄 Заменено: 'светлую сторону' → 'сияние' (3 раз(а))
  🔄 Заменено: 'светового меча' → 'квантового клинка' (3 раз(а))
  🔄 Заменено: 'световой меч' → 'квантовый клинок' (36 раз(а))
  🔄 Заменено: 'световому мечу' → 'квантовому клинку' (1 раз(а))
  🔄 Заменено: 'световые мечи' → 'квантовые клинки' (1 раз(а))
  🔄 Заменено: 'световым мечом' → 'квантовым клинком' (11 раз(а))
  🔄 Заменено: 'световыми мечами' → 'квантовыми клинками' (2 раз(а))
  🔄 Заменено: 'световых мечах' → 'квантовых клинках' (4 раз(а))
  🔄 Заменено: 'сила' → 'эфир' (11 раз(а))
  🔄 Заменено: 'силе' → 'эфире' (6 раз(а))
  🔄 Заменено: 'силой' → 'эфиром' (3 раз(а))
  🔄 Заменено: 'силу' → 'эфир' (12 раз(а))
  🔄 Заменено: 'силы' → 'эфира' (17 раз(а))
  🔄 Заменено: 'ситх' → 'особист' (32 раз(а))
  🔄 Заменено: 'ситха' → 'особиста' (5 раз(а))
  🔄 Заменено: 'скайуокера' → 'виндстара' (1 раз(а))
  🔄 Заменено: 'скайуокером' → 'виндстаром' (1 раз(а))
  🔄 Заменено: 'соло' → 'старран' (2 раз(а))
  🔄 Заменено: 'тёмная сторона' → 'туман' (1 раз(а))
  🔄 Заменено: 'тёмной стороны' → 'тумана' (2 раз(а))
  🔄 Заменено: 'тёмную сторону' → 'туман' (2 раз(а))
  🔄 Заменено: 'хана соло' → 'декса Старрана' (1 раз(а))
  📊 Всего замен в файле: 1477

📄 Файл: Энакин_Скайуокер.md → Аранис_Террос.md
  🔄 Заменено: '501-го легиона' → 'чёрных легионеров' (10 раз(а))
  🔄 Заменено: '501-й легион' → 'чёрные легионеры' (9 раз(а))
  🔄 Заменено: '501-м легионом' → 'чёрными легионерами' (1 раз(а))
  🔄 Заменено: 'AT-AT' → 'ММ-123' (4 раз(а))
  🔄 Заменено: 'C-3PO' → 'PROMT-3' (6 раз(а))
  🔄 Заменено: 'R2' → 'KUB77' (22 раз(а))
  🔄 Заменено: 'R2-D2' → 'KUBER-77' (28 раз(а))
  🔄 Заменено: 'X-wing' → 'X-Staffel' (2 раз(а))
  🔄 Заменено: 'Y-Wing' → 'Y-Staffel' (1 раз(а))
  🔄 Заменено: 'Амидала' → 'Астра' (42 раз(а))
  🔄 Заменено: 'Амидале' → 'Астре' (12 раз(а))
  🔄 Заменено: 'Амидалой' → 'Астрой' (7 раз(а))
  🔄 Заменено: 'Амидалу' → 'Астру' (23 раз(а))
  🔄 Заменено: 'Амидалы' → 'Астры' (22 раз(а))
  🔄 Заменено: 'Боба Фетт' → 'Гарн Тралл' (6 раз(а))
  🔄 Заменено: 'Бобой Феттом' → 'Гарном Траллом' (1 раз(а))
  🔄 Заменено: 'Бобы Фетта' → 'Гарна Тралла' (1 раз(а))
  🔄 Заменено: 'Войн клонов' → 'Генетических войн' (8 раз(а))
  🔄 Заменено: 'Войны клонов' → 'Генетические войны' (4 раз(а))
  🔄 Заменено: 'Галактической Империи' → 'Империи Вечного Порядка' (4 раз(а))
  🔄 Заменено: 'Галактической Республике' → 'Республике Света' (1 раз(а))
  🔄 Заменено: 'Галактической Республикой' → 'Республикой Света' (1 раз(а))
  🔄 Заменено: 'Галактической гражданской войне' → 'Войне за Наследие Империи' (1 раз(а))
  🔄 Заменено: 'Галактической гражданской войны' → 'Войны за Наследие Империи' (1 раз(а))
  🔄 Заменено: 'Галактическую Империю' → 'Империю Вечного Порядка' (1 раз(а))
  🔄 Заменено: 'Гривус' → 'Кракен' (17 раз(а))
  🔄 Заменено: 'Гривуса' → 'Кракена' (22 раз(а))
  🔄 Заменено: 'Гривусом' → 'Кракеном' (6 раз(а))
  🔄 Заменено: 'Гривусу' → 'Кракену' (3 раз(а))
  🔄 Заменено: 'Дарт Вейдер' → 'Лорд Вейнос' (67 раз(а))
  🔄 Заменено: 'Дарт Сидиус' → 'Лорд Сириус' (10 раз(а))
  🔄 Заменено: 'Дарт вейдер' → 'Лорд Вейнос' (1 раз(а))
  🔄 Заменено: 'Дарта Вейдера' → 'Лорда Вейноса' (14 раз(а))
  🔄 Заменено: 'Дарта Сидиуса' → 'Лорда Сириуса' (6 раз(а))
  🔄 Заменено: 'Дарте Вейдере' → 'Лорде Вейносе' (1 раз(а))
  🔄 Заменено: 'Дартом Вейдером' → 'Лордом Вейносом' (6 раз(а))
  🔄 Заменено: 'Дарту Вейдеру' → 'Лорду Вейносу' (3 раз(а))
  🔄 Заменено: 'Джа-Джа Бинкс' → 'Зог-Зог' (2 раз(а))
  🔄 Заменено: 'Джа-Джа Бинкса' → 'Зог-Зога' (2 раз(а))
  🔄 Заменено: 'Джабба' → 'Слизгар' (2 раз(а))
  🔄 Заменено: 'Джаббой' → 'Слизгар' (1 раз(а))
  🔄 Заменено: 'Джаббы' → 'Слизгар' (6 раз(а))
  🔄 Заменено: 'Джаббы Хатта' → 'Слизгар Лорда' (2 раз(а))
  🔄 Заменено: 'Джедае' → 'Хранителе' (2 раз(а))
  🔄 Заменено: 'Джедаи' → 'Хранители' (19 раз(а))
  🔄 Заменено: 'Джедай' → 'Хранитель' (7 раз(а))
  🔄 Заменено: 'Джедая' → 'Хранителя' (2 раз(а))
  🔄 Заменено: 'Джеонозис' → 'Феррум' (1 раз(а))
  🔄 Заменено: 'Джеонозиса' → 'Феррума' (2 раз(а))
  🔄 Заменено: 'Джеонозисе' → 'Ферруме' (4 раз(а))
  🔄 Заменено: 'Дроид' → 'Автоматон' (3 раз(а))
  🔄 Заменено: 'Дуку' → 'Тираксу' (81 раз(а))
  🔄 Заменено: 'Звезде Смерти' → 'Сфере Аннигиляции' (3 раз(а))
  🔄 Заменено: 'Звезду Смерти' → 'Сферу Аннигиляции' (8 раз(а))
  🔄 Заменено: 'Звезды Смерти' → 'Сферы Аннигиляции' (17 раз(а))
  🔄 Заменено: 'Звёздный разрушитель' → 'Линейный крейсер' (1 раз(а))
  🔄 Заменено: 'Йода' → 'Дегрей' (17 раз(а))
  🔄 Заменено: 'Йоде' → 'Дегрее' (3 раз(а))
  🔄 Заменено: 'Йодой' → 'Дегреем' (6 раз(а))
  🔄 Заменено: 'Йоду' → 'Дегрею' (3 раз(а))
  🔄 Заменено: 'Йоды' → 'Дегрея' (5 раз(а))
  🔄 Заменено: 'Кашиик' → 'Верден' (1 раз(а))
  🔄 Заменено: 'Кашиика' → 'Вердена' (4 раз(а))
  🔄 Заменено: 'Кашиике' → 'Вердене' (5 раз(а))
  🔄 Заменено: 'Квай-Гон Джинн' → 'Квай-Гон Терр' (3 раз(а))
  🔄 Заменено: 'Кеноби' → 'Делл' (184 раз(а))
  🔄 Заменено: 'Коди' → 'Тедди' (12 раз(а))
  🔄 Заменено: 'Корусант' → 'Просперо' (42 раз(а))
  🔄 Заменено: 'Корусанта' → 'Просперо' (13 раз(а))
  🔄 Заменено: 'Корусанте' → 'Просперо' (23 раз(а))
  🔄 Заменено: 'Корусанту' → 'Просперо' (1 раз(а))
  🔄 Заменено: 'Крайт' → 'Фобос' (1 раз(а))
  🔄 Заменено: 'Крайта' → 'Фобоса' (1 раз(а))
  🔄 Заменено: 'Лее Органе' → 'Карине Вальс' (1 раз(а))
  🔄 Заменено: 'Леей' → 'Кариной' (3 раз(а))
  🔄 Заменено: 'Леей Органой' → 'Кариной Вальс' (1 раз(а))
  🔄 Заменено: 'Леи' → 'Карины' (6 раз(а))
  🔄 Заменено: 'Лею' → 'Карину' (3 раз(а))
  🔄 Заменено: 'Лея' → 'Карина' (15 раз(а))
  🔄 Заменено: 'Лея Органа' → 'Карина Вальс' (3 раз(а))
  🔄 Заменено: 'Люк' → 'Кейл' (36 раз(а))
  🔄 Заменено: 'Люка' → 'Кейла' (31 раз(а))
  🔄 Заменено: 'Люке' → 'Кейле' (1 раз(а))
  🔄 Заменено: 'Люком' → 'Кейлом' (5 раз(а))
  🔄 Заменено: 'Люку' → 'Кейлу' (11 раз(а))
  🔄 Заменено: 'Мандалор' → 'Грозный' (2 раз(а))
  🔄 Заменено: 'Мандалора' → 'Грозного' (2 раз(а))
  🔄 Заменено: 'Мандалоре' → 'Грозном' (2 раз(а))
  🔄 Заменено: 'Мейс Винду' → 'Джорен Валь' (6 раз(а))
  🔄 Заменено: 'Мейса Винду' → 'Джорена Валя' (4 раз(а))
  🔄 Заменено: 'Мейсом Винду' → 'Джореном Валем' (1 раз(а))
  🔄 Заменено: 'Мейсу Винду' → 'Джорену Валю' (3 раз(а))
  🔄 Заменено: 'Набу' → 'Арно' (25 раз(а))
  🔄 Заменено: 'Оби-Ван' → 'Торас' (76 раз(а))
  🔄 Заменено: 'Оби-Ван Кеноби' → 'Торас Делл' (14 раз(а))
  🔄 Заменено: 'Оби-Вана Кеноби' → 'Тораса Делла' (13 раз(а))
  🔄 Заменено: 'Оби-Ваном Кеноби' → 'Торасом Деллом' (5 раз(а))
  🔄 Заменено: 'Оби-Вану Кеноби' → 'Торасу Деллу' (2 раз(а))
  🔄 Заменено: 'Орден джедаев' → 'Орден Хранителей' (3 раз(а))
  🔄 Заменено: 'Ордена джедаев' → 'Ордена Хранителей' (10 раз(а))
  🔄 Заменено: 'Орденом джедаев' → 'Орденом Хранителей' (1 раз(а))
  🔄 Заменено: 'Ордену джедаев' → 'Ордену Хранителей' (2 раз(а))
  🔄 Заменено: 'Падме Амидала' → 'Падме Астра' (5 раз(а))
  🔄 Заменено: 'Падме Амидалой' → 'Падме Астрой' (4 раз(а))
  🔄 Заменено: 'Падме Амидалу' → 'Падме Астру' (6 раз(а))
  🔄 Заменено: 'Падме Амидалы' → 'Падме Астры' (9 раз(а))
  🔄 Заменено: 'Палпатин' → 'Малкор' (61 раз(а))
  🔄 Заменено: 'Палпатина' → 'Малкора' (51 раз(а))
  🔄 Заменено: 'Палпатине' → 'Малкоре' (1 раз(а))
  🔄 Заменено: 'Палпатином' → 'Малкором' (17 раз(а))
  🔄 Заменено: 'Палпатину' → 'Малкору' (17 раз(а))
  🔄 Заменено: 'Рекс' → 'Ректор' (35 раз(а))
  🔄 Заменено: 'Рекса' → 'Ректора' (13 раз(а))
  🔄 Заменено: 'Рексом' → 'Ректором' (12 раз(а))
  🔄 Заменено: 'Рексу' → 'Ректору' (8 раз(а))
  🔄 Заменено: 'Рен' → 'Солус' (7 раз(а))
  🔄 Заменено: 'Рыцарь-джедай' → 'Хранитель' (3 раз(а))
  🔄 Заменено: 'Светлая сторона' → 'Сияние' (1 раз(а))
  🔄 Заменено: 'Светлой стороне' → 'Сиянии' (1 раз(а))
  🔄 Заменено: 'Светлой стороны' → 'Сияния' (1 раз(а))
  🔄 Заменено: 'Сила' → 'Эфир' (4 раз(а))
  🔄 Заменено: 'Силе' → 'Эфире' (20 раз(а))
  🔄 Заменено: 'Силой' → 'Эфиром' (13 раз(а))
  🔄 Заменено: 'Силу' → 'Эфир' (14 раз(а))
  🔄 Заменено: 'Силы' → 'Эфира' (75 раз(а))
  🔄 Заменено: 'Ситх' → 'Особист' (7 раз(а))
  🔄 Заменено: 'Скайуокер' → 'Виндстар' (461 раз(а))
  🔄 Заменено: 'Скайуокера' → 'Виндстара' (129 раз(а))
  🔄 Заменено: 'Скайуокере' → 'Виндстаре' (4 раз(а))
  🔄 Заменено: 'Скайуокером' → 'Виндстаром' (12 раз(а))
  🔄 Заменено: 'Скайуокеру' → 'Виндстару' (50 раз(а))
  🔄 Заменено: 'Соло' → 'Старран' (3 раз(а))
  🔄 Заменено: 'Татуин' → 'Дюнарий' (14 раз(а))
  🔄 Заменено: 'Татуина' → 'Дюнария' (3 раз(а))
  🔄 Заменено: 'Татуине' → 'Дюнарии' (13 раз(а))
  🔄 Заменено: 'Торговой Федерацией' → 'Торговым союзом' (1 раз(а))
  🔄 Заменено: 'Торговой Федерации' → 'Торговом союзе' (2 раз(а))
  🔄 Заменено: 'Торговой федерацией' → 'Торговым союзом' (1 раз(а))
  🔄 Заменено: 'Торговой федерации' → 'Торговом союзе' (1 раз(а))
  🔄 Заменено: 'Тысячелетнего сокола' → 'Столетнего сокола' (3 раз(а))
  🔄 Заменено: 'Тысячелетнем соколе' → 'Столетнем соколе' (1 раз(а))
  🔄 Заменено: 'Тысячелетний сокол' → 'Столетний сокол' (10 раз(а))
  🔄 Заменено: 'Тёмная сторона' → 'Туман' (1 раз(а))
  🔄 Заменено: 'Тёмной стороне' → 'Тумане' (7 раз(а))
  🔄 Заменено: 'Тёмной стороны' → 'Тумана' (9 раз(а))
  🔄 Заменено: 'Тёмную сторону' → 'Туман' (17 раз(а))
  🔄 Заменено: 'Хан' → 'Декс' (1 раз(а))
  🔄 Заменено: 'Хан Соло' → 'Декс Старран' (1 раз(а))
  🔄 Заменено: 'Хана Соло' → 'Декса Старрана' (2 раз(а))
  🔄 Заменено: 'Ханом Соло' → 'Дексом Старраном' (1 раз(а))
  🔄 Заменено: 'Хану Соло' → 'Дексу Старрану' (1 раз(а))
  🔄 Заменено: 'Чубакка' → 'Чукчукка' (1 раз(а))
  🔄 Заменено: 'Чубаккой' → 'Чукчуккой' (1 раз(а))
  🔄 Заменено: 'Энакин' → 'Аранис' (168 раз(а))
  🔄 Заменено: 'Энакин Скайуокер' → 'Аранис Виндстар' (28 раз(а))
  🔄 Заменено: 'Энакин скайуокер' → 'Аранис Виндстар' (1 раз(а))
  🔄 Заменено: 'Энакина' → 'Араниса' (59 раз(а))
  🔄 Заменено: 'Энакина Скайуокера' → 'Араниса Виндстара' (23 раз(а))
  🔄 Заменено: 'Энакине Скайуокере' → 'Аранисе Виндстаре' (1 раз(а))
  🔄 Заменено: 'Энакином' → 'Аранисом' (8 раз(а))
  🔄 Заменено: 'Энакином Скайуокером' → 'Аранисом Виндстаром' (7 раз(а))
  🔄 Заменено: 'Энакину' → 'Аранису' (25 раз(а))
  🔄 Заменено: 'Энакину Скайуокеру' → 'Аранису Виндстару' (2 раз(а))
  🔄 Заменено: 'Эндор' → 'Телура' (1 раз(а))
  🔄 Заменено: 'Эндора' → 'Телуры' (1 раз(а))
  🔄 Заменено: 'Эндоре' → 'Телуре' (4 раз(а))
  🔄 Заменено: 'Явин' → 'Нейма' (4 раз(а))
  🔄 Заменено: 'Явина' → 'Неймы' (5 раз(а))
  🔄 Заменено: 'Явине' → 'Нейме' (7 раз(а))
  🔄 Заменено: 'амидалой' → 'астрой' (1 раз(а))
  🔄 Заменено: 'армии клонов' → 'генетических легионах' (1 раз(а))
  🔄 Заменено: 'армию клонов' → 'генетические легионы' (2 раз(а))
  🔄 Заменено: 'армия клонов' → 'генетические легионы' (1 раз(а))
  🔄 Заменено: 'бластер' → 'квантомет' (11 раз(а))
  🔄 Заменено: 'бластера' → 'квантомета' (6 раз(а))
  🔄 Заменено: 'бластером' → 'квантометом' (1 раз(а))
  🔄 Заменено: 'гипердвигатель' → 'синхродвигатель' (2 раз(а))
  🔄 Заменено: 'голопроектор' → 'голограммный передатчик' (2 раз(а))
  🔄 Заменено: 'голопроектора' → 'голограммного передатчика' (1 раз(а))
  🔄 Заменено: 'голопроектором' → 'голограммным передатчиком' (1 раз(а))
  🔄 Заменено: 'гранд-моффа Таркина' → 'гранд-моффа Тариуса' (1 раз(а))
  🔄 Заменено: 'гривуса' → 'кракена' (1 раз(а))
  🔄 Заменено: 'джедае' → 'хранителе' (185 раз(а))
  🔄 Заменено: 'джедаем' → 'хранителем' (14 раз(а))
  🔄 Заменено: 'джедаи' → 'хранители' (78 раз(а))
  🔄 Заменено: 'джедай' → 'хранитель' (44 раз(а))
  🔄 Заменено: 'джедаю' → 'хранителю' (11 раз(а))
  🔄 Заменено: 'джедая' → 'хранителя' (117 раз(а))
  🔄 Заменено: 'джеонозисе' → 'ферруме' (1 раз(а))
  🔄 Заменено: 'дроид' → 'автоматон' (82 раз(а))
  🔄 Заменено: 'дроида' → 'автоматона' (53 раз(а))
  🔄 Заменено: 'дроиде' → 'автоматоне' (2 раз(а))
  🔄 Заменено: 'дроидом' → 'автоматоном' (4 раз(а))
  🔄 Заменено: 'дроиду' → 'автоматону' (2 раз(а))
  🔄 Заменено: 'дуку' → 'тираксу' (1 раз(а))
  🔄 Заменено: 'звезде смерти' → 'сфере Аннигиляции' (1 раз(а))
  🔄 Заменено: 'звезды смерти' → 'сферы Аннигиляции' (1 раз(а))
  🔄 Заменено: 'звёздного разрушителя' → 'линейного крейсера' (6 раз(а))
  🔄 Заменено: 'звёздном разрушителе' → 'линейном крейсере' (1 раз(а))
  🔄 Заменено: 'звёздный разрушитель' → 'линейный крейсер' (7 раз(а))
  🔄 Заменено: 'звёздным разрушителем' → 'линейным крейсером' (1 раз(а))
  🔄 Заменено: 'кайбер-кристалл' → 'кайбер-батарейка' (1 раз(а))
  🔄 Заменено: 'кашиика' → 'вердена' (1 раз(а))
  🔄 Заменено: 'комлинк' → 'радиоканал' (1 раз(а))
  🔄 Заменено: 'комлинку' → 'радиоканалу' (1 раз(а))
  🔄 Заменено: 'корусанте' → 'просперо' (1 раз(а))
  🔄 Заменено: 'люк' → 'кейл' (1 раз(а))
  🔄 Заменено: 'мандалор' → 'грозный' (3 раз(а))
  🔄 Заменено: 'набу' → 'арно' (3 раз(а))
  🔄 Заменено: 'оби-ван' → 'торас' (1 раз(а))
  🔄 Заменено: 'падме амидале' → 'падме Астре' (1 раз(а))
  🔄 Заменено: 'рен' → 'солус' (1 раз(а))
  🔄 Заменено: 'рыцарем-джедаем' → 'хранителем' (4 раз(а))
  🔄 Заменено: 'рыцари-джедаи' → 'хранители' (1 раз(а))
  🔄 Заменено: 'рыцарь-джедай' → 'хранитель' (10 раз(а))
  🔄 Заменено: 'рыцаря-джедая' → 'хранителя' (7 раз(а))
  🔄 Заменено: 'светлой стороне' → 'сиянии' (1 раз(а))
  🔄 Заменено: 'светлую сторону' → 'сияние' (1 раз(а))
  🔄 Заменено: 'светового меча' → 'квантового клинка' (6 раз(а))
  🔄 Заменено: 'световой меч' → 'квантовый клинок' (20 раз(а))
  🔄 Заменено: 'световые мечи' → 'квантовые клинки' (5 раз(а))
  🔄 Заменено: 'световым мечом' → 'квантовым клинком' (26 раз(а))
  🔄 Заменено: 'световыми мечами' → 'квантовыми клинками' (3 раз(а))
  🔄 Заменено: 'световых мечах' → 'квантовых клинках' (4 раз(а))
  🔄 Заменено: 'световых мечей' → 'квантовых клинков' (4 раз(а))
  🔄 Заменено: 'сила' → 'эфир' (23 раз(а))
  🔄 Заменено: 'силе' → 'эфире' (2 раз(а))
  🔄 Заменено: 'силой' → 'эфиром' (2 раз(а))
  🔄 Заменено: 'силу' → 'эфир' (5 раз(а))
  🔄 Заменено: 'силы' → 'эфира' (30 раз(а))
  🔄 Заменено: 'ситх' → 'особист' (117 раз(а))
  🔄 Заменено: 'ситха' → 'особиста' (32 раз(а))
  🔄 Заменено: 'ситхом' → 'особистом' (7 раз(а))
  🔄 Заменено: 'ситху' → 'особисту' (6 раз(а))
  🔄 Заменено: 'скайуокера' → 'виндстара' (1 раз(а))
  🔄 Заменено: 'татуин' → 'дюнарий' (1 раз(а))
  🔄 Заменено: 'тёмной стороне' → 'тумане' (1 раз(а))
  🔄 Заменено: 'тёмной стороной' → 'туманом' (1 раз(а))
  🔄 Заменено: 'тёмной стороны' → 'тумана' (4 раз(а))
  🔄 Заменено: 'тёмную сторону' → 'туман' (8 раз(а))
  🔄 Заменено: 'явина' → 'неймы' (1 раз(а))
  🔄 Заменено: 'явине' → 'нейме' (2 раз(а))
  📊 Всего замен в файле: 3621

📄 Файл: Битва_при_Явине.md → Битва_при_Нейме.md
  🔄 Заменено: 'AT-ST' → 'КМ-99' (1 раз(а))
  🔄 Заменено: 'R2' → 'KUB77' (1 раз(а))
  🔄 Заменено: 'X-Wing' → 'X-Staffel' (1 раз(а))
  🔄 Заменено: 'X-wing' → 'X-Staffel' (15 раз(а))
  🔄 Заменено: 'Y-wing' → 'Y-Staffel' (6 раз(а))
  🔄 Заменено: 'Гранд-мофф Таркин' → 'Гранд-мофф Тариус' (1 раз(а))
  🔄 Заменено: 'Дарт Вейдер' → 'Лорд Вейнос' (3 раз(а))
  🔄 Заменено: 'Дартом Вейдером' → 'Лордом Вейносом' (1 раз(а))
  🔄 Заменено: 'Звезда Смерти' → 'Сфера Аннигиляции' (4 раз(а))
  🔄 Заменено: 'Звезду Смерти' → 'Сферу Аннигиляции' (3 раз(а))
  🔄 Заменено: 'Звезды Смерти' → 'Сферы Аннигиляции' (10 раз(а))
  🔄 Заменено: 'Лею' → 'Карину' (1 раз(а))
  🔄 Заменено: 'Лея' → 'Карина' (1 раз(а))
  🔄 Заменено: 'Люк' → 'Кейл' (6 раз(а))
  🔄 Заменено: 'Люка' → 'Кейла' (1 раз(а))
  🔄 Заменено: 'Оби-Ван Кеноби' → 'Торас Делл' (1 раз(а))
  🔄 Заменено: 'Оби-Вана Кеноби' → 'Тораса Делла' (1 раз(а))
  🔄 Заменено: 'Палпатина' → 'Малкора' (1 раз(а))
  🔄 Заменено: 'Р2-Д2' → 'KUBER-77' (1 раз(а))
  🔄 Заменено: 'Силе' → 'Эфире' (1 раз(а))
  🔄 Заменено: 'Силой' → 'Эфиром' (1 раз(а))
  🔄 Заменено: 'Силу' → 'Эфир' (1 раз(а))
  🔄 Заменено: 'Скайуокер' → 'Виндстар' (5 раз(а))
  🔄 Заменено: 'Скайуокера' → 'Виндстара' (1 раз(а))
  🔄 Заменено: 'Скайуокером' → 'Виндстаром' (1 раз(а))
  🔄 Заменено: 'Тысячелетнего сокола' → 'Столетнего сокола' (1 раз(а))
  🔄 Заменено: 'Тысячелетнем соколе' → 'Столетнем соколе' (1 раз(а))
  🔄 Заменено: 'Тысячелетний сокол' → 'Столетний сокол' (1 раз(а))
  🔄 Заменено: 'Хан Соло' → 'Декс Старран' (3 раз(а))
  🔄 Заменено: 'Чубакка' → 'Чукчукка' (3 раз(а))
  🔄 Заменено: 'Явин' → 'Нейма' (3 раз(а))
  🔄 Заменено: 'Явина' → 'Неймы' (8 раз(а))
  🔄 Заменено: 'Явине' → 'Нейме' (4 раз(а))
  🔄 Заменено: 'Явину' → 'Нейме' (1 раз(а))
  🔄 Заменено: 'джедае' → 'хранителе' (1 раз(а))
  🔄 Заменено: 'сила' → 'эфир' (1 раз(а))
  🔄 Заменено: 'силы' → 'эфира' (1 раз(а))
  📊 Всего замен в файле: 97

📄 Файл: Чубакка.md → Чукчукка.md
  🔄 Заменено: 'AT-ST' → 'КМ-99' (2 раз(а))
  🔄 Заменено: 'C-3PO' → 'PROMT-3' (4 раз(а))
  🔄 Заменено: 'R2' → 'KUB77' (1 раз(а))
  🔄 Заменено: 'R2-D2' → 'KUBER-77' (2 раз(а))
  🔄 Заменено: 'Бобой Феттом' → 'Гарном Траллом' (1 раз(а))
  🔄 Заменено: 'Бобы Фетта' → 'Гарна Тралла' (1 раз(а))
  🔄 Заменено: 'Войн клонов' → 'Генетических войн' (3 раз(а))
  🔄 Заменено: 'Войны клонов' → 'Генетические войны' (1 раз(а))
  🔄 Заменено: 'Дарта Вейдера' → 'Лорда Вейноса' (4 раз(а))
  🔄 Заменено: 'Дарту Вейдеру' → 'Лорду Вейносу' (1 раз(а))
  🔄 Заменено: 'Джабба' → 'Слизгар' (1 раз(а))
  🔄 Заменено: 'Джаббе' → 'Слизгар' (1 раз(а))
  🔄 Заменено: 'Джаббой' → 'Слизгар' (2 раз(а))
  🔄 Заменено: 'Джаббы' → 'Слизгар' (5 раз(а))
  🔄 Заменено: 'Дроид' → 'Автоматон' (1 раз(а))
  🔄 Заменено: 'Звезде Смерти' → 'Сфере Аннигиляции' (1 раз(а))
  🔄 Заменено: 'Звезды Смерти' → 'Сферы Аннигиляции' (6 раз(а))
  🔄 Заменено: 'Йоде' → 'Дегрее' (2 раз(а))
  🔄 Заменено: 'Йодой' → 'Дегреем' (2 раз(а))
  🔄 Заменено: 'Йоду' → 'Дегрею' (1 раз(а))
  🔄 Заменено: 'Кашиик' → 'Верден' (9 раз(а))
  🔄 Заменено: 'Кашиика' → 'Вердена' (9 раз(а))
  🔄 Заменено: 'Кашиике' → 'Вердене' (10 раз(а))
  🔄 Заменено: 'Кашиику' → 'Вердену' (1 раз(а))
  🔄 Заменено: 'Кеноби' → 'Делл' (1 раз(а))
  🔄 Заменено: 'Корусанте' → 'Просперо' (1 раз(а))
  🔄 Заменено: 'Леей' → 'Кариной' (4 раз(а))
  🔄 Заменено: 'Леи' → 'Карины' (4 раз(а))
  🔄 Заменено: 'Леи Органы' → 'Карины Вальс' (1 раз(а))
  🔄 Заменено: 'Лею' → 'Карину' (5 раз(а))
  🔄 Заменено: 'Лею Органу' → 'Карину Вальс' (1 раз(а))
  🔄 Заменено: 'Лея' → 'Карина' (11 раз(а))
  🔄 Заменено: 'Лея Органа' → 'Карина Вальс' (2 раз(а))
  🔄 Заменено: 'Люк' → 'Кейл' (10 раз(а))
  🔄 Заменено: 'Люка' → 'Кейла' (15 раз(а))
  🔄 Заменено: 'Люком' → 'Кейлом' (5 раз(а))
  🔄 Заменено: 'Люку' → 'Кейлу' (2 раз(а))
  🔄 Заменено: 'Набу' → 'Арно' (1 раз(а))
  🔄 Заменено: 'Оби-Вана Кеноби' → 'Тораса Делла' (2 раз(а))
  🔄 Заменено: 'Палпатин' → 'Малкор' (1 раз(а))
  🔄 Заменено: 'Рен' → 'Солус' (1 раз(а))
  🔄 Заменено: 'С-3РО' → 'PROMT-3' (2 раз(а))
  🔄 Заменено: 'Силе' → 'Эфире' (1 раз(а))
  🔄 Заменено: 'Силой' → 'Эфиром' (1 раз(а))
  🔄 Заменено: 'Силу' → 'Эфир' (2 раз(а))
  🔄 Заменено: 'Скайуокер' → 'Виндстар' (6 раз(а))
  🔄 Заменено: 'Скайуокера' → 'Виндстара' (6 раз(а))
  🔄 Заменено: 'Скайуокером' → 'Виндстаром' (1 раз(а))
  🔄 Заменено: 'Соло' → 'Старран' (37 раз(а))
  🔄 Заменено: 'Татуин' → 'Дюнарий' (3 раз(а))
  🔄 Заменено: 'Татуине' → 'Дюнарии' (2 раз(а))
  🔄 Заменено: 'Торговой Федерацией' → 'Торговым союзом' (1 раз(а))
  🔄 Заменено: 'Тысячелетнего сокола' → 'Столетнего сокола' (5 раз(а))
  🔄 Заменено: 'Тысячелетнем соколе' → 'Столетнем соколе' (1 раз(а))
  🔄 Заменено: 'Тысячелетнему соколу' → 'Столетнему соколу' (1 раз(а))
  🔄 Заменено: 'Тысячелетний Сокол' → 'Столетний сокол' (2 раз(а))
  🔄 Заменено: 'Тысячелетний сокол' → 'Столетний сокол' (3 раз(а))
  🔄 Заменено: 'Тысячелетним соколом' → 'Столетним соколом' (1 раз(а))
  🔄 Заменено: 'Тёмную сторону' → 'Туман' (1 раз(а))
  🔄 Заменено: 'Хан' → 'Декс' (40 раз(а))
  🔄 Заменено: 'Хана' → 'Декса' (17 раз(а))
  🔄 Заменено: 'Хана Соло' → 'Декса Старрана' (2 раз(а))
  🔄 Заменено: 'Ханом' → 'Дексом' (3 раз(а))
  🔄 Заменено: 'Ханом Соло' → 'Дексом Старраном' (1 раз(а))
  🔄 Заменено: 'Хану' → 'Дексу' (4 раз(а))
  🔄 Заменено: 'Хану Соло' → 'Дексу Старрану' (2 раз(а))
  🔄 Заменено: 'Чубакка' → 'Чукчукка' (88 раз(а))
  🔄 Заменено: 'Чубакке' → 'Чукчукке' (15 раз(а))
  🔄 Заменено: 'Чубакки' → 'Чукчукки' (17 раз(а))
  🔄 Заменено: 'Чубаккой' → 'Чукчуккой' (3 раз(а))
  🔄 Заменено: 'Чуи' → 'Чуки' (85 раз(а))
  🔄 Заменено: 'Энакин' → 'Аранис' (8 раз(а))
  🔄 Заменено: 'Энакина' → 'Араниса' (4 раз(а))
  🔄 Заменено: 'Энакину' → 'Аранису' (1 раз(а))
  🔄 Заменено: 'Эндор' → 'Телура' (1 раз(а))
  🔄 Заменено: 'Эндора' → 'Телуры' (1 раз(а))
  🔄 Заменено: 'Эндоре' → 'Телуре' (3 раз(а))
  🔄 Заменено: 'Явин' → 'Нейма' (2 раз(а))
  🔄 Заменено: 'Явине' → 'Нейме' (3 раз(а))
  🔄 Заменено: 'бластер' → 'квантомет' (1 раз(а))
  🔄 Заменено: 'войн клонов' → 'генетических войн' (1 раз(а))
  🔄 Заменено: 'гипердвигатель' → 'синхродвигатель' (1 раз(а))
  🔄 Заменено: 'джедае' → 'хранителе' (6 раз(а))
  🔄 Заменено: 'джедаем' → 'хранителем' (2 раз(а))
  🔄 Заменено: 'джедаи' → 'хранители' (3 раз(а))
  🔄 Заменено: 'джедай' → 'хранитель' (3 раз(а))
  🔄 Заменено: 'джедаю' → 'хранителю' (2 раз(а))
  🔄 Заменено: 'джедая' → 'хранителя' (8 раз(а))
  🔄 Заменено: 'дроид' → 'автоматон' (5 раз(а))
  🔄 Заменено: 'дроида' → 'автоматона' (6 раз(а))
  🔄 Заменено: 'дроиду' → 'автоматону' (2 раз(а))
  🔄 Заменено: 'звёздным разрушителем' → 'линейным крейсером' (1 раз(а))
  🔄 Заменено: 'истребитель TIE' → 'перехватчик 'Жало'' (1 раз(а))
  🔄 Заменено: 'световой меч' → 'квантовый клинок' (2 раз(а))
  🔄 Заменено: 'сила' → 'эфир' (1 раз(а))
  🔄 Заменено: 'силой' → 'эфиром' (1 раз(а))
  🔄 Заменено: 'силы' → 'эфира' (3 раз(а))
  🔄 Заменено: 'ситх' → 'особист' (1 раз(а))
  🔄 Заменено: 'соло' → 'старран' (1 раз(а))
  🔄 Заменено: 'ханом соло' → 'дексом Старраном' (1 раз(а))
  📊 Всего замен в файле: 566

📄 Файл: Люк_Скайуокер.md → Кейл_Виндстар.md
  🔄 Заменено: '3PO' → 'pROMT-3' (1 раз(а))
  🔄 Заменено: 'A-wing' → 'A-Staffel' (1 раз(а))
  🔄 Заменено: 'AT-AT' → 'ММ-123' (1 раз(а))
  🔄 Заменено: 'B-wing' → 'B-Staffel' (2 раз(а))
  🔄 Заменено: 'C-3PO' → 'PROMT-3' (7 раз(а))
  🔄 Заменено: 'R2' → 'KUB77' (8 раз(а))
  🔄 Заменено: 'R2-D2' → 'KUBER-77' (10 раз(а))
  🔄 Заменено: 'Y-wing' → 'Y-Staffel' (1 раз(а))
  🔄 Заменено: 'Боба Фетт' → 'Гарн Тралл' (1 раз(а))
  🔄 Заменено: 'Бобы Фетта' → 'Гарна Тралла' (3 раз(а))
  🔄 Заменено: 'Войн клонов' → 'Генетических войн' (6 раз(а))
  🔄 Заменено: 'Галактической Империи' → 'Империи Вечного Порядка' (2 раз(а))
  🔄 Заменено: 'Гривуса' → 'Кракена' (1 раз(а))
  🔄 Заменено: 'Дагоба' → 'Ио' (5 раз(а))
  🔄 Заменено: 'Дарт Вейдер' → 'Лорд Вейнос' (7 раз(а))
  🔄 Заменено: 'Дарт Сидиус' → 'Лорд Сириус' (1 раз(а))
  🔄 Заменено: 'Дарта Вейдера' → 'Лорда Вейноса' (13 раз(а))
  🔄 Заменено: 'Дарта Сидиуса' → 'Лорда Сириуса' (1 раз(а))
  🔄 Заменено: 'Дартом Вейдером' → 'Лордом Вейносом' (7 раз(а))
  🔄 Заменено: 'Дарту Сидиусу' → 'Лорду Сириусу' (1 раз(а))
  🔄 Заменено: 'Джабба' → 'Слизгар' (2 раз(а))
  🔄 Заменено: 'Джаббе Хатту' → 'Слизгар Лорду' (1 раз(а))
  🔄 Заменено: 'Джаббой' → 'Слизгар' (1 раз(а))
  🔄 Заменено: 'Джаббы' → 'Слизгар' (7 раз(а))
  🔄 Заменено: 'Джедаи' → 'Хранители' (7 раз(а))
  🔄 Заменено: 'Дроид' → 'Автоматон' (1 раз(а))
  🔄 Заменено: 'Звезда смерти' → 'Сфера Аннигиляции' (1 раз(а))
  🔄 Заменено: 'Звезде Смерти' → 'Сфере Аннигиляции' (1 раз(а))
  🔄 Заменено: 'Звезде смерти' → 'Сфере Аннигиляции' (1 раз(а))
  🔄 Заменено: 'Звезду Смерти' → 'Сферу Аннигиляции' (2 раз(а))
  🔄 Заменено: 'Звезду смерти' → 'Сферу Аннигиляции' (2 раз(а))
  🔄 Заменено: 'Звезды Смерти' → 'Сферы Аннигиляции' (11 раз(а))
  🔄 Заменено: 'Звезды смерти' → 'Сферы Аннигиляции' (2 раз(а))
  🔄 Заменено: 'Йода' → 'Дегрей' (6 раз(а))
  🔄 Заменено: 'Йоде' → 'Дегрее' (1 раз(а))
  🔄 Заменено: 'Йодой' → 'Дегреем' (1 раз(а))
  🔄 Заменено: 'Йоду' → 'Дегрею' (2 раз(а))
  🔄 Заменено: 'Йоды' → 'Дегрея' (11 раз(а))
  🔄 Заменено: 'Кайло' → 'Карро' (2 раз(а))
  🔄 Заменено: 'Кашиик' → 'Верден' (1 раз(а))
  🔄 Заменено: 'Кашиика' → 'Вердена' (2 раз(а))
  🔄 Заменено: 'Кашиике' → 'Вердене' (4 раз(а))
  🔄 Заменено: 'Кашииком' → 'Верденом' (1 раз(а))
  🔄 Заменено: 'Кашиику' → 'Вердену' (1 раз(а))
  🔄 Заменено: 'Кеноби' → 'Делл' (19 раз(а))
  🔄 Заменено: 'Корусант' → 'Просперо' (21 раз(а))
  🔄 Заменено: 'Корусанта' → 'Просперо' (8 раз(а))
  🔄 Заменено: 'Корусанте' → 'Просперо' (15 раз(а))
  🔄 Заменено: 'Крайт' → 'Фобос' (2 раз(а))
  🔄 Заменено: 'Крайта' → 'Фобоса' (7 раз(а))
  🔄 Заменено: 'Крайтом' → 'Фобосом' (2 раз(а))
  🔄 Заменено: 'Лее Органе' → 'Карине Вальс' (2 раз(а))
  🔄 Заменено: 'Леей' → 'Кариной' (11 раз(а))
  🔄 Заменено: 'Леей Органой' → 'Кариной Вальс' (1 раз(а))
  🔄 Заменено: 'Леи' → 'Карины' (8 раз(а))
  🔄 Заменено: 'Леи Органы' → 'Карины Вальс' (3 раз(а))
  🔄 Заменено: 'Лею' → 'Карину' (15 раз(а))
  🔄 Заменено: 'Лею Органу' → 'Карину Вальс' (2 раз(а))
  🔄 Заменено: 'Лея' → 'Карина' (31 раз(а))
  🔄 Заменено: 'Лея Органа' → 'Карина Вальс' (3 раз(а))
  🔄 Заменено: 'Лея органа' → 'Карина Вальс' (1 раз(а))
  🔄 Заменено: 'Люк' → 'Кейл' (615 раз(а))
  🔄 Заменено: 'Люка' → 'Кейла' (189 раз(а))
  🔄 Заменено: 'Люке' → 'Кейле' (3 раз(а))
  🔄 Заменено: 'Люком' → 'Кейлом' (26 раз(а))
  🔄 Заменено: 'Люку' → 'Кейлу' (49 раз(а))
  🔄 Заменено: 'Мандалор' → 'Грозный' (2 раз(а))
  🔄 Заменено: 'Мейс Винду' → 'Джорен Валь' (1 раз(а))
  🔄 Заменено: 'Оби-Ван' → 'Торас' (15 раз(а))
  🔄 Заменено: 'Оби-Ван Кеноби' → 'Торас Делл' (1 раз(а))
  🔄 Заменено: 'Оби-Вана Кеноби' → 'Тораса Делла' (7 раз(а))
  🔄 Заменено: 'Оби-Ваном Кеноби' → 'Торасом Деллом' (3 раз(а))
  🔄 Заменено: 'Оби-Вану Кеноби' → 'Торасу Деллу' (1 раз(а))
  🔄 Заменено: 'Орден джедаев' → 'Орден Хранителей' (10 раз(а))
  🔄 Заменено: 'Ордена джедаев' → 'Ордена Хранителей' (5 раз(а))
  🔄 Заменено: 'Ордене джедаев' → 'Ордене Хранителей' (4 раз(а))
  🔄 Заменено: 'Орденом джедаев' → 'Орденом Хранителей' (1 раз(а))
  🔄 Заменено: 'Ордену джедаев' → 'Ордену Хранителей' (1 раз(а))
  🔄 Заменено: 'Палпатин' → 'Малкор' (9 раз(а))
  🔄 Заменено: 'Палпатина' → 'Малкора' (18 раз(а))
  🔄 Заменено: 'Палпатине' → 'Малкоре' (1 раз(а))
  🔄 Заменено: 'Палпатином' → 'Малкором' (2 раз(а))
  🔄 Заменено: 'Палпатину' → 'Малкору' (1 раз(а))
  🔄 Заменено: 'Рен' → 'Солус' (4 раз(а))
  🔄 Заменено: 'Светлая сторона' → 'Сияние' (2 раз(а))
  🔄 Заменено: 'Светлой стороне' → 'Сиянии' (1 раз(а))
  🔄 Заменено: 'Сила' → 'Эфир' (7 раз(а))
  🔄 Заменено: 'Силе' → 'Эфире' (48 раз(а))
  🔄 Заменено: 'Силой' → 'Эфиром' (22 раз(а))
  🔄 Заменено: 'Силу' → 'Эфир' (28 раз(а))
  🔄 Заменено: 'Силы' → 'Эфира' (81 раз(а))
  🔄 Заменено: 'Ситх' → 'Особист' (1 раз(а))
  🔄 Заменено: 'Скайуокер' → 'Виндстар' (276 раз(а))
  🔄 Заменено: 'Скайуокера' → 'Виндстара' (78 раз(а))
  🔄 Заменено: 'Скайуокере' → 'Виндстаре' (2 раз(а))
  🔄 Заменено: 'Скайуокером' → 'Виндстаром' (11 раз(а))
  🔄 Заменено: 'Скайуокеру' → 'Виндстару' (12 раз(а))
  🔄 Заменено: 'Соло' → 'Старран' (92 раз(а))
  🔄 Заменено: 'Татуин' → 'Дюнарий' (6 раз(а))
  🔄 Заменено: 'Татуина' → 'Дюнария' (5 раз(а))
  🔄 Заменено: 'Татуине' → 'Дюнарии' (3 раз(а))
  🔄 Заменено: 'Татуином' → 'Дюнарием' (2 раз(а))
  🔄 Заменено: 'Тысячелетнего Сокола' → 'Столетнего сокола' (2 раз(а))
  🔄 Заменено: 'Тысячелетнего сокола' → 'Столетнего сокола' (1 раз(а))
  🔄 Заменено: 'Тысячелетнем Соколе' → 'Столетнем соколе' (1 раз(а))
  🔄 Заменено: 'Тысячелетнем соколе' → 'Столетнем соколе' (1 раз(а))
  🔄 Заменено: 'Тысячелетнему соколу' → 'Столетнему соколу' (1 раз(а))
  🔄 Заменено: 'Тысячелетний Сокол' → 'Столетний сокол' (1 раз(а))
  🔄 Заменено: 'Тысячелетний сокол' → 'Столетний сокол' (5 раз(а))
  🔄 Заменено: 'Тёмная сторона' → 'Туман' (1 раз(а))
  🔄 Заменено: 'Тёмной стороне' → 'Тумане' (7 раз(а))
  🔄 Заменено: 'Тёмной стороны' → 'Тумана' (15 раз(а))
  🔄 Заменено: 'Тёмную сторону' → 'Туман' (13 раз(а))
  🔄 Заменено: 'Хан' → 'Декс' (20 раз(а))
  🔄 Заменено: 'Хан Соло' → 'Декс Старран' (8 раз(а))
  🔄 Заменено: 'Хана' → 'Декса' (11 раз(а))
  🔄 Заменено: 'Хана Соло' → 'Декса Старрана' (8 раз(а))
  🔄 Заменено: 'Ханом' → 'Дексом' (9 раз(а))
  🔄 Заменено: 'Ханом Соло' → 'Дексом Старраном' (3 раз(а))
  🔄 Заменено: 'Хану' → 'Дексу' (2 раз(а))
  🔄 Заменено: 'Хану Соло' → 'Дексу Старрану' (1 раз(а))
  🔄 Заменено: 'Чубакка' → 'Чукчукка' (5 раз(а))
  🔄 Заменено: 'Чубакки' → 'Чукчукки' (1 раз(а))
  🔄 Заменено: 'Чубаккой' → 'Чукчуккой' (5 раз(а))
  🔄 Заменено: 'Чуи' → 'Чуки' (5 раз(а))
  🔄 Заменено: 'Энакин' → 'Аранис' (8 раз(а))
  🔄 Заменено: 'Энакин Скайуокер' → 'Аранис Виндстар' (5 раз(а))
  🔄 Заменено: 'Энакина' → 'Араниса' (17 раз(а))
  🔄 Заменено: 'Энакина Скайуокера' → 'Араниса Виндстара' (4 раз(а))
  🔄 Заменено: 'Энакином' → 'Аранисом' (1 раз(а))
  🔄 Заменено: 'Энакином Скайуокером' → 'Аранисом Виндстаром' (2 раз(а))
  🔄 Заменено: 'Энакину' → 'Аранису' (1 раз(а))
  🔄 Заменено: 'Эндор' → 'Телура' (5 раз(а))
  🔄 Заменено: 'Эндора' → 'Телуры' (4 раз(а))
  🔄 Заменено: 'Эндоре' → 'Телуре' (4 раз(а))
  🔄 Заменено: 'Эндору' → 'Телуре' (1 раз(а))
  🔄 Заменено: 'Явин' → 'Нейма' (4 раз(а))
  🔄 Заменено: 'Явина' → 'Неймы' (6 раз(а))
  🔄 Заменено: 'Явине' → 'Нейме' (15 раз(а))
  🔄 Заменено: 'Явином' → 'Неймой' (1 раз(а))
  🔄 Заменено: 'бластер' → 'квантомет' (4 раз(а))
  🔄 Заменено: 'галактической гражданской войны' → 'войны за Наследие Империи' (1 раз(а))
  🔄 Заменено: 'джедае' → 'хранителе' (111 раз(а))
  🔄 Заменено: 'джедаем' → 'хранителем' (12 раз(а))
  🔄 Заменено: 'джедаи' → 'хранители' (45 раз(а))
  🔄 Заменено: 'джедай' → 'хранитель' (34 раз(а))
  🔄 Заменено: 'джедаю' → 'хранителю' (3 раз(а))
  🔄 Заменено: 'джедая' → 'хранителя' (48 раз(а))
  🔄 Заменено: 'дроид' → 'автоматон' (17 раз(а))
  🔄 Заменено: 'дроида' → 'автоматона' (9 раз(а))
  🔄 Заменено: 'дроиде' → 'автоматоне' (1 раз(а))
  🔄 Заменено: 'дроидом' → 'автоматоном' (4 раз(а))
  🔄 Заменено: 'звёздного разрушителя' → 'линейного крейсера' (1 раз(а))
  🔄 Заменено: 'звёздном разрушителе' → 'линейном крейсере' (1 раз(а))
  🔄 Заменено: 'звёздный разрушитель' → 'линейный крейсер' (4 раз(а))
  🔄 Заменено: 'звёздным разрушителем' → 'линейным крейсером' (1 раз(а))
  🔄 Заменено: 'истребитель TIE' → 'перехватчик 'Жало'' (2 раз(а))
  🔄 Заменено: 'йоды' → 'дегрея' (1 раз(а))
  🔄 Заменено: 'люк' → 'кейл' (1 раз(а))
  🔄 Заменено: 'мандалор' → 'грозный' (1 раз(а))
  🔄 Заменено: 'ордена джедаев' → 'ордена Хранителей' (4 раз(а))
  🔄 Заменено: 'палпатина' → 'малкора' (1 раз(а))
  🔄 Заменено: 'рене' → 'солусе' (2 раз(а))
  🔄 Заменено: 'рыцарем-джедаем' → 'хранителем' (4 раз(а))
  🔄 Заменено: 'рыцарь-джедай' → 'хранитель' (4 раз(а))
  🔄 Заменено: 'рыцаря-джедая' → 'хранителя' (1 раз(а))
  🔄 Заменено: 'светлой стороны' → 'сияния' (2 раз(а))
  🔄 Заменено: 'светлую сторону' → 'сияние' (3 раз(а))
  🔄 Заменено: 'светового меча' → 'квантового клинка' (3 раз(а))
  🔄 Заменено: 'световой меч' → 'квантовый клинок' (21 раз(а))
  🔄 Заменено: 'световые мечи' → 'квантовые клинки' (2 раз(а))
  🔄 Заменено: 'световым мечом' → 'квантовым клинком' (13 раз(а))
  🔄 Заменено: 'световыми мечами' → 'квантовыми клинками' (3 раз(а))
  🔄 Заменено: 'световых мечах' → 'квантовых клинках' (8 раз(а))
  🔄 Заменено: 'сила' → 'эфир' (12 раз(а))
  🔄 Заменено: 'силе' → 'эфире' (3 раз(а))
  🔄 Заменено: 'силой' → 'эфиром' (2 раз(а))
  🔄 Заменено: 'силу' → 'эфир' (3 раз(а))
  🔄 Заменено: 'силы' → 'эфира' (24 раз(а))
  🔄 Заменено: 'ситх' → 'особист' (48 раз(а))
  🔄 Заменено: 'ситха' → 'особиста' (16 раз(а))
  🔄 Заменено: 'ситхом' → 'особистом' (3 раз(а))
  🔄 Заменено: 'ситху' → 'особисту' (2 раз(а))
  🔄 Заменено: 'соло' → 'старран' (1 раз(а))
  🔄 Заменено: 'татуине' → 'дюнарии' (1 раз(а))
  🔄 Заменено: 'тёмная сторона' → 'туман' (1 раз(а))
  🔄 Заменено: 'тёмной стороне' → 'тумане' (2 раз(а))
  🔄 Заменено: 'тёмной стороной' → 'туманом' (1 раз(а))
  🔄 Заменено: 'тёмной стороны' → 'тумана' (3 раз(а))
  🔄 Заменено: 'тёмную сторону' → 'туман' (5 раз(а))
  🔄 Заменено: 'эндора' → 'телуры' (2 раз(а))
  📊 Всего замен в файле: 2651

📄 Файл: Палпатин.md → Малкор.md
  🔄 Заменено: '501-го легиона' → 'чёрных легионеров' (1 раз(а))
  🔄 Заменено: '501-й легион' → 'чёрные легионеры' (2 раз(а))
  🔄 Заменено: 'C-3PO' → 'PROMT-3' (1 раз(а))
  🔄 Заменено: 'R2-D2' → 'KUBER-77' (2 раз(а))
  🔄 Заменено: 'Амидала' → 'Астра' (11 раз(а))
  🔄 Заменено: 'Амидале' → 'Астре' (2 раз(а))
  🔄 Заменено: 'Амидалу' → 'Астру' (4 раз(а))
  🔄 Заменено: 'Амидалы' → 'Астры' (11 раз(а))
  🔄 Заменено: 'Армия клонов' → 'Генетические легионы' (1 раз(а))
  🔄 Заменено: 'Войн клонов' → 'Генетических войн' (11 раз(а))
  🔄 Заменено: 'Войны клонов' → 'Генетические войны' (3 раз(а))
  🔄 Заменено: 'Галактическая Империя' → 'Империя Вечного Порядка' (1 раз(а))
  🔄 Заменено: 'Галактическая гражданская война' → 'Война за Наследие Империи' (1 раз(а))
  🔄 Заменено: 'Галактической Империи' → 'Империи Вечного Порядка' (5 раз(а))
  🔄 Заменено: 'Галактической Республики' → 'Республики Света' (3 раз(а))
  🔄 Заменено: 'Галактической гражданской войне' → 'Войне за Наследие Империи' (1 раз(а))
  🔄 Заменено: 'Галактическую Империю' → 'Империю Вечного Порядка' (2 раз(а))
  🔄 Заменено: 'Гранд-мофф Таркин' → 'Гранд-мофф Тариус' (1 раз(а))
  🔄 Заменено: 'Гривус' → 'Кракен' (1 раз(а))
  🔄 Заменено: 'Гривуса' → 'Кракена' (3 раз(а))
  🔄 Заменено: 'Гривусом' → 'Кракеном' (1 раз(а))
  🔄 Заменено: 'Гривусу' → 'Кракену' (1 раз(а))
  🔄 Заменено: 'Дагоба' → 'Ио' (1 раз(а))
  🔄 Заменено: 'Дарт Вейдер' → 'Лорд Вейнос' (6 раз(а))
  🔄 Заменено: 'Дарт Сидиус' → 'Лорд Сириус' (21 раз(а))
  🔄 Заменено: 'Дарта Вейдера' → 'Лорда Вейноса' (5 раз(а))
  🔄 Заменено: 'Дарта Сидиуса' → 'Лорда Сириуса' (5 раз(а))
  🔄 Заменено: 'Дарте Сидиусе' → 'Лорде Сириусе' (1 раз(а))
  🔄 Заменено: 'Дартом Вейдером' → 'Лордом Вейносом' (3 раз(а))
  🔄 Заменено: 'Дартом Сидиусом' → 'Лордом Сириусом' (1 раз(а))
  🔄 Заменено: 'Дарту Вейдеру' → 'Лорду Вейносу' (1 раз(а))
  🔄 Заменено: 'Джа-Джа Бинкс' → 'Зог-Зог' (1 раз(а))
  🔄 Заменено: 'Джабба' → 'Слизгар' (1 раз(а))
  🔄 Заменено: 'Джаббе' → 'Слизгар' (1 раз(а))
  🔄 Заменено: 'Джаббы' → 'Слизгар' (4 раз(а))
  🔄 Заменено: 'Джедаи' → 'Хранители' (7 раз(а))
  🔄 Заменено: 'Джедай' → 'Хранитель' (1 раз(а))
  🔄 Заменено: 'Джеонозис' → 'Феррум' (2 раз(а))
  🔄 Заменено: 'Джеонозисе' → 'Ферруме' (3 раз(а))
  🔄 Заменено: 'Дроид' → 'Автоматон' (2 раз(а))
  🔄 Заменено: 'Дуку' → 'Тираксу' (67 раз(а))
  🔄 Заменено: 'Звезда Смерти' → 'Сфера Аннигиляции' (4 раз(а))
  🔄 Заменено: 'Звезде Смерти' → 'Сфере Аннигиляции' (1 раз(а))
  🔄 Заменено: 'Звездой Смерти' → 'Сферой Аннигиляции' (1 раз(а))
  🔄 Заменено: 'Звезду Смерти' → 'Сферу Аннигиляции' (2 раз(а))
  🔄 Заменено: 'Звезды Смерти' → 'Сферы Аннигиляции' (9 раз(а))
  🔄 Заменено: 'Йода' → 'Дегрей' (12 раз(а))
  🔄 Заменено: 'Йоде' → 'Дегрее' (1 раз(а))
  🔄 Заменено: 'Йодой' → 'Дегреем' (3 раз(а))
  🔄 Заменено: 'Йоду' → 'Дегрею' (2 раз(а))
  🔄 Заменено: 'Йоды' → 'Дегрея' (4 раз(а))
  🔄 Заменено: 'Кашиик' → 'Верден' (2 раз(а))
  🔄 Заменено: 'Кашиике' → 'Вердене' (1 раз(а))
  🔄 Заменено: 'Квай-Гон Джинн' → 'Квай-Гон Терр' (1 раз(а))
  🔄 Заменено: 'Квай-Гон Джинна' → 'Квай-Гон Терра' (3 раз(а))
  🔄 Заменено: 'Квай-Гон Джинном' → 'Квай-Гон Терром' (2 раз(а))
  🔄 Заменено: 'Кеноби' → 'Делл' (10 раз(а))
  🔄 Заменено: 'Коди' → 'Тедди' (1 раз(а))
  🔄 Заменено: 'Корусант' → 'Просперо' (22 раз(а))
  🔄 Заменено: 'Корусанта' → 'Просперо' (6 раз(а))
  🔄 Заменено: 'Корусанте' → 'Просперо' (13 раз(а))
  🔄 Заменено: 'Леи' → 'Карины' (1 раз(а))
  🔄 Заменено: 'Лею' → 'Карину' (4 раз(а))
  🔄 Заменено: 'Лею Органу' → 'Карину Вальс' (1 раз(а))
  🔄 Заменено: 'Лея' → 'Карина' (5 раз(а))
  🔄 Заменено: 'Лея Органа' → 'Карина Вальс' (2 раз(а))
  🔄 Заменено: 'Люк' → 'Кейл' (18 раз(а))
  🔄 Заменено: 'Люка' → 'Кейла' (14 раз(а))
  🔄 Заменено: 'Люком' → 'Кейлом' (4 раз(а))
  🔄 Заменено: 'Люку' → 'Кейлу' (1 раз(а))
  🔄 Заменено: 'Мандалор' → 'Грозный' (1 раз(а))
  🔄 Заменено: 'Мейс Винду' → 'Джорен Валь' (5 раз(а))
  🔄 Заменено: 'Мейса Винду' → 'Джорена Валя' (2 раз(а))
  🔄 Заменено: 'Мейсом Винду' → 'Джореном Валем' (1 раз(а))
  🔄 Заменено: 'Мейсу Винду' → 'Джорену Валю' (2 раз(а))
  🔄 Заменено: 'Набу' → 'Арно' (96 раз(а))
  🔄 Заменено: 'Оби-Ван' → 'Торас' (10 раз(а))
  🔄 Заменено: 'Оби-Ван Кеноби' → 'Торас Делл' (3 раз(а))
  🔄 Заменено: 'Оби-Вана Кеноби' → 'Тораса Делла' (7 раз(а))
  🔄 Заменено: 'Орден джедаев' → 'Орден Хранителей' (4 раз(а))
  🔄 Заменено: 'Ордена джедаев' → 'Ордена Хранителей' (8 раз(а))
  🔄 Заменено: 'Падме Амидала' → 'Падме Астра' (8 раз(а))
  🔄 Заменено: 'Падме Амидалу' → 'Падме Астру' (3 раз(а))
  🔄 Заменено: 'Падме Амидалы' → 'Падме Астры' (2 раз(а))
  🔄 Заменено: 'Палпатин' → 'Малкор' (431 раз(а))
  🔄 Заменено: 'Палпатина' → 'Малкора' (182 раз(а))
  🔄 Заменено: 'Палпатине' → 'Малкоре' (3 раз(а))
  🔄 Заменено: 'Палпатином' → 'Малкором' (19 раз(а))
  🔄 Заменено: 'Палпатину' → 'Малкору' (44 раз(а))
  🔄 Заменено: 'Рыцарь-джедай' → 'Хранитель' (1 раз(а))
  🔄 Заменено: 'Сила' → 'Эфир' (1 раз(а))
  🔄 Заменено: 'Силе' → 'Эфире' (20 раз(а))
  🔄 Заменено: 'Силой' → 'Эфиром' (10 раз(а))
  🔄 Заменено: 'Силу' → 'Эфир' (11 раз(а))
  🔄 Заменено: 'Силы' → 'Эфира' (43 раз(а))
  🔄 Заменено: 'Ситх' → 'Особист' (1 раз(а))
  🔄 Заменено: 'Скайуокер' → 'Виндстар' (35 раз(а))
  🔄 Заменено: 'Скайуокера' → 'Виндстара' (26 раз(а))
  🔄 Заменено: 'Скайуокером' → 'Виндстаром' (2 раз(а))
  🔄 Заменено: 'Скайуокеру' → 'Виндстару' (2 раз(а))
  🔄 Заменено: 'Соло' → 'Старран' (3 раз(а))
  🔄 Заменено: 'Татуин' → 'Дюнарий' (5 раз(а))
  🔄 Заменено: 'Татуина' → 'Дюнария' (3 раз(а))
  🔄 Заменено: 'Татуине' → 'Дюнарии' (5 раз(а))
  🔄 Заменено: 'Татуину' → 'Дюнарию' (1 раз(а))
  🔄 Заменено: 'Торговая федерация' → 'Торговый союз' (7 раз(а))
  🔄 Заменено: 'Торговой Федерации' → 'Торговом союзе' (2 раз(а))
  🔄 Заменено: 'Торговой федерацией' → 'Торговым союзом' (6 раз(а))
  🔄 Заменено: 'Торговой федерации' → 'Торговом союзе' (20 раз(а))
  🔄 Заменено: 'Торговую Федерацию' → 'Торговый союз' (1 раз(а))
  🔄 Заменено: 'Торговую федерацию' → 'Торговый союз' (2 раз(а))
  🔄 Заменено: 'Тёмная сторона' → 'Туман' (1 раз(а))
  🔄 Заменено: 'Тёмной стороне' → 'Тумане' (3 раз(а))
  🔄 Заменено: 'Тёмной стороной' → 'Туманом' (3 раз(а))
  🔄 Заменено: 'Тёмной стороны' → 'Тумана' (10 раз(а))
  🔄 Заменено: 'Тёмную сторону' → 'Туман' (6 раз(а))
  🔄 Заменено: 'Хан' → 'Декс' (1 раз(а))
  🔄 Заменено: 'Хана Соло' → 'Декса Старрана' (1 раз(а))
  🔄 Заменено: 'Ханом Соло' → 'Дексом Старраном' (2 раз(а))
  🔄 Заменено: 'Хану' → 'Дексу' (1 раз(а))
  🔄 Заменено: 'Энакин' → 'Аранис' (20 раз(а))
  🔄 Заменено: 'Энакин Скайуокер' → 'Аранис Виндстар' (11 раз(а))
  🔄 Заменено: 'Энакина' → 'Араниса' (21 раз(а))
  🔄 Заменено: 'Энакина Скайуокера' → 'Араниса Виндстара' (13 раз(а))
  🔄 Заменено: 'Энакином' → 'Аранисом' (2 раз(а))
  🔄 Заменено: 'Энакином Скайуокером' → 'Аранисом Виндстаром' (3 раз(а))
  🔄 Заменено: 'Энакину' → 'Аранису' (7 раз(а))
  🔄 Заменено: 'Энакину Скайуокеру' → 'Аранису Виндстару' (1 раз(а))
  🔄 Заменено: 'Эндор' → 'Телура' (6 раз(а))
  🔄 Заменено: 'Эндора' → 'Телуры' (5 раз(а))
  🔄 Заменено: 'Эндором' → 'Телурой' (1 раз(а))
  🔄 Заменено: 'Эндору' → 'Телуре' (2 раз(а))
  🔄 Заменено: 'Явина' → 'Неймы' (1 раз(а))
  🔄 Заменено: 'Явине' → 'Нейме' (2 раз(а))
  🔄 Заменено: 'амидалы' → 'астры' (1 раз(а))
  🔄 Заменено: 'армии клонов' → 'генетических легионах' (3 раз(а))
  🔄 Заменено: 'армию клонов' → 'генетические легионы' (2 раз(а))
  🔄 Заменено: 'армия клонов' → 'генетические легионы' (1 раз(а))
  🔄 Заменено: 'галактической империи' → 'империи Вечного Порядка' (2 раз(а))
  🔄 Заменено: 'гипердвигателя' → 'синхродвигателя' (1 раз(а))
  🔄 Заменено: 'дарт сидиус' → 'лорд Сириус' (1 раз(а))
  🔄 Заменено: 'дарта вейдера' → 'лорда Вейноса' (1 раз(а))
  🔄 Заменено: 'дарта сидиуса' → 'лорда Сириуса' (1 раз(а))
  🔄 Заменено: 'джедае' → 'хранителе' (87 раз(а))
  🔄 Заменено: 'джедаем' → 'хранителем' (7 раз(а))
  🔄 Заменено: 'джедаи' → 'хранители' (31 раз(а))
  🔄 Заменено: 'джедай' → 'хранитель' (22 раз(а))
  🔄 Заменено: 'джедаю' → 'хранителю' (2 раз(а))
  🔄 Заменено: 'джедая' → 'хранителя' (34 раз(а))
  🔄 Заменено: 'дроид' → 'автоматон' (16 раз(а))
  🔄 Заменено: 'дроида' → 'автоматона' (7 раз(а))
  🔄 Заменено: 'дроидом' → 'автоматоном' (1 раз(а))
  🔄 Заменено: 'дуку' → 'тираксу' (1 раз(а))
  🔄 Заменено: 'звезды смерти' → 'сферы Аннигиляции' (1 раз(а))
  🔄 Заменено: 'звёздного разрушителя' → 'линейного крейсера' (2 раз(а))
  🔄 Заменено: 'корусант' → 'просперо' (1 раз(а))
  🔄 Заменено: 'люка' → 'кейла' (1 раз(а))
  🔄 Заменено: 'мандалор' → 'грозный' (1 раз(а))
  🔄 Заменено: 'мидихлорианами' → 'нейросинхронизаторами' (1 раз(а))
  🔄 Заменено: 'мидихлорианов' → 'нейросинхронизаторов' (1 раз(а))
  🔄 Заменено: 'набу' → 'арно' (8 раз(а))
  🔄 Заменено: 'ордена джедаев' → 'ордена Хранителей' (1 раз(а))
  🔄 Заменено: 'падме амидалу' → 'падме Астру' (1 раз(а))
  🔄 Заменено: 'палпатина' → 'малкора' (7 раз(а))
  🔄 Заменено: 'палпатине' → 'малкоре' (1 раз(а))
  🔄 Заменено: 'рыцарь-джедай' → 'хранитель' (1 раз(а))
  🔄 Заменено: 'рыцаря-джедая' → 'хранителя' (2 раз(а))
  🔄 Заменено: 'светлую сторону' → 'сияние' (3 раз(а))
  🔄 Заменено: 'световой меч' → 'квантовый клинок' (5 раз(а))
  🔄 Заменено: 'световые мечи' → 'квантовые клинки' (1 раз(а))
  🔄 Заменено: 'световым мечом' → 'квантовым клинком' (1 раз(а))
  🔄 Заменено: 'световых мечах' → 'квантовых клинках' (8 раз(а))
  🔄 Заменено: 'световых мечей' → 'квантовых клинков' (2 раз(а))
  🔄 Заменено: 'сила' → 'эфир' (11 раз(а))
  🔄 Заменено: 'силе' → 'эфире' (3 раз(а))
  🔄 Заменено: 'силой' → 'эфиром' (5 раз(а))
  🔄 Заменено: 'силу' → 'эфир' (12 раз(а))
  🔄 Заменено: 'силы' → 'эфира' (13 раз(а))
  🔄 Заменено: 'ситх' → 'особист' (126 раз(а))
  🔄 Заменено: 'ситха' → 'особиста' (39 раз(а))
  🔄 Заменено: 'ситхом' → 'особистом' (6 раз(а))
  🔄 Заменено: 'ситху' → 'особисту' (1 раз(а))
  🔄 Заменено: 'скайуокер' → 'виндстар' (2 раз(а))
  🔄 Заменено: 'скайуокера' → 'виндстара' (3 раз(а))
  🔄 Заменено: 'тёмной стороне' → 'тумане' (3 раз(а))
  🔄 Заменено: 'тёмной стороной' → 'туманом' (3 раз(а))
  🔄 Заменено: 'тёмной стороны' → 'тумана' (15 раз(а))
  🔄 Заменено: 'тёмную сторону' → 'туман' (14 раз(а))
  🔄 Заменено: 'энакина скайуокера' → 'араниса Виндстара' (1 раз(а))
  🔄 Заменено: 'эндора' → 'телуры' (1 раз(а))
  📊 Всего замен в файле: 2041

📄 Файл: Боба_Фетт.md → Гарн_Тралл.md
  🔄 Заменено: '501-го легиона' → 'чёрных легионеров' (1 раз(а))
  🔄 Заменено: 'C-3PO' → 'PROMT-3' (1 раз(а))
  🔄 Заменено: 'R2-D2' → 'KUBER-77' (8 раз(а))
  🔄 Заменено: 'Бластер' → 'Квантомет' (1 раз(а))
  🔄 Заменено: 'Боба Фетт' → 'Гарн Тралл' (52 раз(а))
  🔄 Заменено: 'Бобе Фетту' → 'Гарну Траллу' (2 раз(а))
  🔄 Заменено: 'Бобой Феттом' → 'Гарном Траллом' (4 раз(а))
  🔄 Заменено: 'Бобы Фетта' → 'Гарна Тралла' (7 раз(а))
  🔄 Заменено: 'Войн клонов' → 'Генетических войн' (4 раз(а))
  🔄 Заменено: 'Войны клонов' → 'Генетические войны' (1 раз(а))
  🔄 Заменено: 'Галактической гражданской войне' → 'Войне за Наследие Империи' (1 раз(а))
  🔄 Заменено: 'Галактическую Империю' → 'Империю Вечного Порядка' (1 раз(а))
  🔄 Заменено: 'Гривус' → 'Кракен' (3 раз(а))
  🔄 Заменено: 'Дарт Вейдер' → 'Лорд Вейнос' (7 раз(а))
  🔄 Заменено: 'Дарта Вейдера' → 'Лорда Вейноса' (3 раз(а))
  🔄 Заменено: 'Дартом Вейдером' → 'Лордом Вейносом' (1 раз(а))
  🔄 Заменено: 'Джабба' → 'Слизгар' (2 раз(а))
  🔄 Заменено: 'Джаббе' → 'Слизгар' (3 раз(а))
  🔄 Заменено: 'Джаббе Хатту' → 'Слизгар Лорду' (1 раз(а))
  🔄 Заменено: 'Джаббой Хаттом' → 'Слизгар Лордом' (1 раз(а))
  🔄 Заменено: 'Джаббы' → 'Слизгар' (15 раз(а))
  🔄 Заменено: 'Джаббы Хатта' → 'Слизгар Лорда' (1 раз(а))
  🔄 Заменено: 'Джедаи' → 'Хранители' (1 раз(а))
  🔄 Заменено: 'Джедай' → 'Хранитель' (1 раз(а))
  🔄 Заменено: 'Джеонозис' → 'Феррум' (2 раз(а))
  🔄 Заменено: 'Джеонозиса' → 'Феррума' (4 раз(а))
  🔄 Заменено: 'Джеонозисе' → 'Ферруме' (5 раз(а))
  🔄 Заменено: 'Джеонозису' → 'Ферруму' (1 раз(а))
  🔄 Заменено: 'Дроид' → 'Автоматон' (1 раз(а))
  🔄 Заменено: 'Дуку' → 'Тираксу' (14 раз(а))
  🔄 Заменено: 'Звезды Смерти' → 'Сферы Аннигиляции' (2 раз(а))
  🔄 Заменено: 'Кеноби' → 'Делл' (2 раз(а))
  🔄 Заменено: 'Корусант' → 'Просперо' (3 раз(а))
  🔄 Заменено: 'Корусанта' → 'Просперо' (6 раз(а))
  🔄 Заменено: 'Корусанте' → 'Просперо' (5 раз(а))
  🔄 Заменено: 'Лее Органе' → 'Карине Вальс' (1 раз(а))
  🔄 Заменено: 'Леей' → 'Кариной' (1 раз(а))
  🔄 Заменено: 'Леей Органой' → 'Кариной Вальс' (1 раз(а))
  🔄 Заменено: 'Лею' → 'Карину' (2 раз(а))
  🔄 Заменено: 'Лею Органу' → 'Карину Вальс' (1 раз(а))
  🔄 Заменено: 'Лея Органа' → 'Карина Вальс' (2 раз(а))
  🔄 Заменено: 'Люк' → 'Кейл' (4 раз(а))
  🔄 Заменено: 'Люка' → 'Кейла' (3 раз(а))
  🔄 Заменено: 'Люку' → 'Кейлу' (1 раз(а))
  🔄 Заменено: 'Мандалор' → 'Грозный' (10 раз(а))
  🔄 Заменено: 'Мандалора' → 'Грозного' (1 раз(а))
  🔄 Заменено: 'Мандалоре' → 'Грозном' (5 раз(а))
  🔄 Заменено: 'Мейс Винду' → 'Джорен Валь' (3 раз(а))
  🔄 Заменено: 'Мейса Винду' → 'Джорена Валя' (8 раз(а))
  🔄 Заменено: 'Мейсом Винду' → 'Джореном Валем' (3 раз(а))
  🔄 Заменено: 'Мейсу Винду' → 'Джорену Валю' (4 раз(а))
  🔄 Заменено: 'Набу' → 'Арно' (2 раз(а))
  🔄 Заменено: 'Оби-Ван' → 'Торас' (4 раз(а))
  🔄 Заменено: 'Оби-Ван Кеноби' → 'Торас Делл' (3 раз(а))
  🔄 Заменено: 'Оби-Вана Кеноби' → 'Тораса Делла' (2 раз(а))
  🔄 Заменено: 'Орден джедаев' → 'Орден Хранителей' (2 раз(а))
  🔄 Заменено: 'Падме Амидалу' → 'Падме Астру' (1 раз(а))
  🔄 Заменено: 'Падме Амидалы' → 'Падме Астры' (2 раз(а))
  🔄 Заменено: 'Палпатин' → 'Малкор' (4 раз(а))
  🔄 Заменено: 'Палпатина' → 'Малкора' (4 раз(а))
  🔄 Заменено: 'Палпатином' → 'Малкором' (2 раз(а))
  🔄 Заменено: 'Палпатину' → 'Малкору' (1 раз(а))
  🔄 Заменено: 'Рен' → 'Солус' (4 раз(а))
  🔄 Заменено: 'Сила' → 'Эфир' (1 раз(а))
  🔄 Заменено: 'Силе' → 'Эфире' (1 раз(а))
  🔄 Заменено: 'Силой' → 'Эфиром' (3 раз(а))
  🔄 Заменено: 'Силу' → 'Эфир' (1 раз(а))
  🔄 Заменено: 'Силы' → 'Эфира' (4 раз(а))
  🔄 Заменено: 'Ситх' → 'Особист' (1 раз(а))
  🔄 Заменено: 'Скайуокер' → 'Виндстар' (4 раз(а))
  🔄 Заменено: 'Скайуокера' → 'Виндстара' (4 раз(а))
  🔄 Заменено: 'Скайуокеру' → 'Виндстару' (1 раз(а))
  🔄 Заменено: 'Соло' → 'Старран' (43 раз(а))
  🔄 Заменено: 'Татуин' → 'Дюнарий' (6 раз(а))
  🔄 Заменено: 'Татуина' → 'Дюнария' (1 раз(а))
  🔄 Заменено: 'Татуине' → 'Дюнарии' (5 раз(а))
  🔄 Заменено: 'Тысячелетнем соколе' → 'Столетнем соколе' (1 раз(а))
  🔄 Заменено: 'Тысячелетний сокол' → 'Столетний сокол' (3 раз(а))
  🔄 Заменено: 'Хан' → 'Декс' (1 раз(а))
  🔄 Заменено: 'Хан Соло' → 'Декс Старран' (5 раз(а))
  🔄 Заменено: 'Хана' → 'Декса' (8 раз(а))
  🔄 Заменено: 'Хана Соло' → 'Декса Старрана' (11 раз(а))
  🔄 Заменено: 'Ханом Соло' → 'Дексом Старраном' (2 раз(а))
  🔄 Заменено: 'Хану' → 'Дексу' (1 раз(а))
  🔄 Заменено: 'Хану Соло' → 'Дексу Старрану' (2 раз(а))
  🔄 Заменено: 'Чубакка' → 'Чукчукка' (8 раз(а))
  🔄 Заменено: 'Чубакке' → 'Чукчукке' (1 раз(а))
  🔄 Заменено: 'Чубакки' → 'Чукчукки' (1 раз(а))
  🔄 Заменено: 'Энакин' → 'Аранис' (2 раз(а))
  🔄 Заменено: 'Энакин Скайуокер' → 'Аранис Виндстар' (1 раз(а))
  🔄 Заменено: 'Энакина' → 'Араниса' (1 раз(а))
  🔄 Заменено: 'Энакина Скайуокера' → 'Араниса Виндстара' (1 раз(а))
  🔄 Заменено: 'Энакином Скайуокером' → 'Аранисом Виндстаром' (1 раз(а))
  🔄 Заменено: 'Энакину Скайуокеру' → 'Аранису Виндстару' (1 раз(а))
  🔄 Заменено: 'Эндоре' → 'Телуре' (1 раз(а))
  🔄 Заменено: 'Явин' → 'Нейма' (2 раз(а))
  🔄 Заменено: 'Явина' → 'Неймы' (1 раз(а))
  🔄 Заменено: 'армии клонов' → 'генетических легионах' (2 раз(а))
  🔄 Заменено: 'армию клонов' → 'генетические легионы' (1 раз(а))
  🔄 Заменено: 'бластер' → 'квантомет' (9 раз(а))
  🔄 Заменено: 'бластера' → 'квантомета' (4 раз(а))
  🔄 Заменено: 'бластером' → 'квантометом' (1 раз(а))
  🔄 Заменено: 'галактической гражданской войны' → 'войны за Наследие Империи' (3 раз(а))
  🔄 Заменено: 'галактическую империю' → 'империю Вечного Порядка' (1 раз(а))
  🔄 Заменено: 'гранд-моффа Таркина' → 'гранд-моффа Тариуса' (1 раз(а))
  🔄 Заменено: 'джедае' → 'хранителе' (9 раз(а))
  🔄 Заменено: 'джедаем' → 'хранителем' (2 раз(а))
  🔄 Заменено: 'джедаи' → 'хранители' (2 раз(а))
  🔄 Заменено: 'джедай' → 'хранитель' (8 раз(а))
  🔄 Заменено: 'джедая' → 'хранителя' (21 раз(а))
  🔄 Заменено: 'дроид' → 'автоматон' (4 раз(а))
  🔄 Заменено: 'дроида' → 'автоматона' (7 раз(а))
  🔄 Заменено: 'дроиде' → 'автоматоне' (1 раз(а))
  🔄 Заменено: 'дроидом' → 'автоматоном' (2 раз(а))
  🔄 Заменено: 'дроиду' → 'автоматону' (2 раз(а))
  🔄 Заменено: 'звёздного разрушителя' → 'линейного крейсера' (1 раз(а))
  🔄 Заменено: 'звёздный разрушитель' → 'линейный крейсер' (3 раз(а))
  🔄 Заменено: 'комлинк' → 'радиоканал' (1 раз(а))
  🔄 Заменено: 'корусант' → 'просперо' (1 раз(а))
  🔄 Заменено: 'крайт' → 'фобос' (1 раз(а))
  🔄 Заменено: 'мандалор' → 'грозный' (30 раз(а))
  🔄 Заменено: 'мандалора' → 'грозного' (5 раз(а))
  🔄 Заменено: 'мандалоре' → 'грозном' (2 раз(а))
  🔄 Заменено: 'мандалором' → 'грозным' (1 раз(а))
  🔄 Заменено: 'орден джедаев' → 'орден Хранителей' (1 раз(а))
  🔄 Заменено: 'орденом джедаев' → 'орденом Хранителей' (1 раз(а))
  🔄 Заменено: 'рыцари-джедаи' → 'хранители' (1 раз(а))
  🔄 Заменено: 'рыцарь-джедай' → 'хранитель' (1 раз(а))
  🔄 Заменено: 'рыцарю-джедаю' → 'хранителю' (1 раз(а))
  🔄 Заменено: 'световой меч' → 'квантовый клинок' (3 раз(а))
  🔄 Заменено: 'световым мечом' → 'квантовым клинком' (2 раз(а))
  🔄 Заменено: 'световых мечах' → 'квантовых клинках' (2 раз(а))
  🔄 Заменено: 'сила' → 'эфир' (1 раз(а))
  🔄 Заменено: 'силе' → 'эфире' (2 раз(а))
  🔄 Заменено: 'силой' → 'эфиром' (2 раз(а))
  🔄 Заменено: 'силы' → 'эфира' (4 раз(а))
  🔄 Заменено: 'ситх' → 'особист' (11 раз(а))
  🔄 Заменено: 'ситха' → 'особиста' (2 раз(а))
  🔄 Заменено: 'ситхом' → 'особистом' (1 раз(а))
  🔄 Заменено: 'ситху' → 'особисту' (2 раз(а))
  🔄 Заменено: 'соло' → 'старран' (1 раз(а))
  🔄 Заменено: 'татуине' → 'дюнарии' (1 раз(а))
  🔄 Заменено: 'хана соло' → 'декса Старрана' (1 раз(а))
  🔄 Заменено: 'ханом соло' → 'дексом Старраном' (1 раз(а))
  🔄 Заменено: 'явин' → 'нейма' (1 раз(а))
  📊 Всего замен в файле: 545

📄 Файл: Оби-Ван_Кеноби.md → Торас_Делл.md
  🔄 Заменено: '212-го батальона' → '139-го батальона' (1 раз(а))
  🔄 Заменено: '501-го легиона' → 'чёрных легионеров' (1 раз(а))
  🔄 Заменено: 'C-3PO' → 'PROMT-3' (2 раз(а))
  🔄 Заменено: 'R2' → 'KUB77' (1 раз(а))
  🔄 Заменено: 'R2-D2' → 'KUBER-77' (6 раз(а))
  🔄 Заменено: 'Амидала' → 'Астра' (2 раз(а))
  🔄 Заменено: 'Амидалу' → 'Астру' (3 раз(а))
  🔄 Заменено: 'Амидалы' → 'Астры' (6 раз(а))
  🔄 Заменено: 'Бобой Феттом' → 'Гарном Траллом' (2 раз(а))
  🔄 Заменено: 'Войн клонов' → 'Генетических войн' (9 раз(а))
  🔄 Заменено: 'Войнах клонов' → 'Генетических войнах' (2 раз(а))
  🔄 Заменено: 'Войны клонов' → 'Генетические войны' (1 раз(а))
  🔄 Заменено: 'Галактической Империи' → 'Империи Вечного Порядка' (1 раз(а))
  🔄 Заменено: 'Галактической Республике' → 'Республике Света' (1 раз(а))
  🔄 Заменено: 'Галактической Республики' → 'Республики Света' (1 раз(а))
  🔄 Заменено: 'Гривус' → 'Кракен' (7 раз(а))
  🔄 Заменено: 'Гривуса' → 'Кракена' (10 раз(а))
  🔄 Заменено: 'Гривусом' → 'Кракеном' (4 раз(а))
  🔄 Заменено: 'Гривусу' → 'Кракену' (2 раз(а))
  🔄 Заменено: 'Дагоба' → 'Ио' (3 раз(а))
  🔄 Заменено: 'Дарт Вейдер' → 'Лорд Вейнос' (2 раз(а))
  🔄 Заменено: 'Дарт Сидиус' → 'Лорд Сириус' (1 раз(а))
  🔄 Заменено: 'Дарта Вейдера' → 'Лорда Вейноса' (6 раз(а))
  🔄 Заменено: 'Дарта Сидиуса' → 'Лорда Сириуса' (5 раз(а))
  🔄 Заменено: 'Дартом Вейдером' → 'Лордом Вейносом' (7 раз(а))
  🔄 Заменено: 'Дарту Вейдеру' → 'Лорду Вейносу' (1 раз(а))
  🔄 Заменено: 'Джа-Джа Бинкс' → 'Зог-Зог' (2 раз(а))
  🔄 Заменено: 'Джабба' → 'Слизгар' (2 раз(а))
  🔄 Заменено: 'Джаббе' → 'Слизгар' (1 раз(а))
  🔄 Заменено: 'Джаббой' → 'Слизгар' (4 раз(а))
  🔄 Заменено: 'Джаббы' → 'Слизгар' (3 раз(а))
  🔄 Заменено: 'Джаббы Хатта' → 'Слизгар Лорда' (1 раз(а))
  🔄 Заменено: 'Джедае' → 'Хранителе' (2 раз(а))
  🔄 Заменено: 'Джедаи' → 'Хранители' (16 раз(а))
  🔄 Заменено: 'Джедай' → 'Хранитель' (8 раз(а))
  🔄 Заменено: 'Джедаю' → 'Хранителю' (1 раз(а))
  🔄 Заменено: 'Джедая' → 'Хранителя' (1 раз(а))
  🔄 Заменено: 'Джеонозис' → 'Феррум' (2 раз(а))
  🔄 Заменено: 'Джеонозиса' → 'Феррума' (1 раз(а))
  🔄 Заменено: 'Джеонозисе' → 'Ферруме' (4 раз(а))
  🔄 Заменено: 'Дроид' → 'Автоматон' (1 раз(а))
  🔄 Заменено: 'Дуку' → 'Тираксу' (37 раз(а))
  🔄 Заменено: 'Звездой Смерти' → 'Сферой Аннигиляции' (1 раз(а))
  🔄 Заменено: 'Звезду Смерти' → 'Сферу Аннигиляции' (1 раз(а))
  🔄 Заменено: 'Звезды Смерти' → 'Сферы Аннигиляции' (1 раз(а))
  🔄 Заменено: 'Йода' → 'Дегрей' (21 раз(а))
  🔄 Заменено: 'Йоде' → 'Дегрее' (1 раз(а))
  🔄 Заменено: 'Йодой' → 'Дегреем' (5 раз(а))
  🔄 Заменено: 'Йоду' → 'Дегрею' (2 раз(а))
  🔄 Заменено: 'Йоды' → 'Дегрея' (8 раз(а))
  🔄 Заменено: 'Кашиик' → 'Верден' (2 раз(а))
  🔄 Заменено: 'Кашиике' → 'Вердене' (1 раз(а))
  🔄 Заменено: 'Квай-Гон Джинн' → 'Квай-Гон Терр' (2 раз(а))
  🔄 Заменено: 'Квай-Гон Джинне' → 'Квай-Гон Терре' (1 раз(а))
  🔄 Заменено: 'Квай-Гон Джинном' → 'Квай-Гон Терром' (1 раз(а))
  🔄 Заменено: 'Кеноби' → 'Делл' (329 раз(а))
  🔄 Заменено: 'Коди' → 'Тедди' (5 раз(а))
  🔄 Заменено: 'Корусант' → 'Просперо' (9 раз(а))
  🔄 Заменено: 'Корусанта' → 'Просперо' (2 раз(а))
  🔄 Заменено: 'Корусанте' → 'Просперо' (2 раз(а))
  🔄 Заменено: 'Корусанту' → 'Просперо' (1 раз(а))
  🔄 Заменено: 'Крайт' → 'Фобос' (1 раз(а))
  🔄 Заменено: 'Леей Органой' → 'Кариной Вальс' (1 раз(а))
  🔄 Заменено: 'Леи' → 'Карины' (3 раз(а))
  🔄 Заменено: 'Лею' → 'Карину' (1 раз(а))
  🔄 Заменено: 'Лея' → 'Карина' (1 раз(а))
  🔄 Заменено: 'Лея Органа' → 'Карина Вальс' (2 раз(а))
  🔄 Заменено: 'Люк' → 'Кейл' (15 раз(а))
  🔄 Заменено: 'Люка' → 'Кейла' (19 раз(а))
  🔄 Заменено: 'Люком' → 'Кейлом' (5 раз(а))
  🔄 Заменено: 'Люку' → 'Кейлу' (15 раз(а))
  🔄 Заменено: 'Мандалор' → 'Грозный' (3 раз(а))
  🔄 Заменено: 'Мандалоре' → 'Грозном' (1 раз(а))
  🔄 Заменено: 'Мейс Винду' → 'Джорен Валь' (3 раз(а))
  🔄 Заменено: 'Мейса Винду' → 'Джорена Валя' (1 раз(а))
  🔄 Заменено: 'Мейсом Винду' → 'Джореном Валем' (1 раз(а))
  🔄 Заменено: 'Мейсу Винду' → 'Джорену Валю' (1 раз(а))
  🔄 Заменено: 'Набу' → 'Арно' (16 раз(а))
  🔄 Заменено: 'Оби-Ван' → 'Торас' (270 раз(а))
  🔄 Заменено: 'Оби-Ван Кеноби' → 'Торас Делл' (16 раз(а))
  🔄 Заменено: 'Оби-Вана Кеноби' → 'Тораса Делла' (1 раз(а))
  🔄 Заменено: 'Оби-ван' → 'Торас' (1 раз(а))
  🔄 Заменено: 'Орден джедаев' → 'Орден Хранителей' (2 раз(а))
  🔄 Заменено: 'Ордена джедаев' → 'Ордена Хранителей' (4 раз(а))
  🔄 Заменено: 'Ордене джедаев' → 'Ордене Хранителей' (1 раз(а))
  🔄 Заменено: 'Падме Амидалу' → 'Падме Астру' (3 раз(а))
  🔄 Заменено: 'Падме Амидалы' → 'Падме Астры' (1 раз(а))
  🔄 Заменено: 'Палпатин' → 'Малкор' (4 раз(а))
  🔄 Заменено: 'Палпатина' → 'Малкора' (5 раз(а))
  🔄 Заменено: 'Палпатином' → 'Малкором' (2 раз(а))
  🔄 Заменено: 'Рекс' → 'Ректор' (4 раз(а))
  🔄 Заменено: 'Рекса' → 'Ректора' (2 раз(а))
  🔄 Заменено: 'Рексом' → 'Ректором' (2 раз(а))
  🔄 Заменено: 'Рен' → 'Солус' (3 раз(а))
  🔄 Заменено: 'Рыцарь-джедай' → 'Хранитель' (1 раз(а))
  🔄 Заменено: 'Светлую сторону' → 'Сияние' (1 раз(а))
  🔄 Заменено: 'Световой меч' → 'Квантовый клинок' (2 раз(а))
  🔄 Заменено: 'Сила' → 'Эфир' (1 раз(а))
  🔄 Заменено: 'Силе' → 'Эфире' (11 раз(а))
  🔄 Заменено: 'Силой' → 'Эфиром' (14 раз(а))
  🔄 Заменено: 'Силу' → 'Эфир' (8 раз(а))
  🔄 Заменено: 'Силы' → 'Эфира' (28 раз(а))
  🔄 Заменено: 'Ситх' → 'Особист' (2 раз(а))
  🔄 Заменено: 'Скайуокер' → 'Виндстар' (30 раз(а))
  🔄 Заменено: 'Скайуокера' → 'Виндстара' (17 раз(а))
  🔄 Заменено: 'Скайуокером' → 'Виндстаром' (5 раз(а))
  🔄 Заменено: 'Скайуокеру' → 'Виндстару' (6 раз(а))
  🔄 Заменено: 'Соло' → 'Старран' (3 раз(а))
  🔄 Заменено: 'Татуин' → 'Дюнарий' (9 раз(а))
  🔄 Заменено: 'Татуина' → 'Дюнария' (2 раз(а))
  🔄 Заменено: 'Татуине' → 'Дюнарии' (8 раз(а))
  🔄 Заменено: 'Торговая федерация' → 'Торговый союз' (1 раз(а))
  🔄 Заменено: 'Торговой Федерацией' → 'Торговым союзом' (1 раз(а))
  🔄 Заменено: 'Торговой федерацией' → 'Торговым союзом' (5 раз(а))
  🔄 Заменено: 'Торговой федерации' → 'Торговом союзе' (6 раз(а))
  🔄 Заменено: 'Тысячелетнего сокола' → 'Столетнего сокола' (1 раз(а))
  🔄 Заменено: 'Тёмная сторона' → 'Туман' (1 раз(а))
  🔄 Заменено: 'Тёмной стороне' → 'Тумане' (1 раз(а))
  🔄 Заменено: 'Тёмную сторону' → 'Туман' (1 раз(а))
  🔄 Заменено: 'Хан' → 'Декс' (1 раз(а))
  🔄 Заменено: 'Хан Соло' → 'Декс Старран' (1 раз(а))
  🔄 Заменено: 'Хана Соло' → 'Декса Старрана' (1 раз(а))
  🔄 Заменено: 'Чубакка' → 'Чукчукка' (3 раз(а))
  🔄 Заменено: 'Чубакки' → 'Чукчукки' (1 раз(а))
  🔄 Заменено: 'Чубаккой' → 'Чукчуккой' (1 раз(а))
  🔄 Заменено: 'Энакин' → 'Аранис' (58 раз(а))
  🔄 Заменено: 'Энакин Скайуокер' → 'Аранис Виндстар' (3 раз(а))
  🔄 Заменено: 'Энакина' → 'Араниса' (35 раз(а))
  🔄 Заменено: 'Энакина Скайуокера' → 'Араниса Виндстара' (4 раз(а))
  🔄 Заменено: 'Энакине' → 'Аранисе' (1 раз(а))
  🔄 Заменено: 'Энакином' → 'Аранисом' (7 раз(а))
  🔄 Заменено: 'Энакином Скайуокером' → 'Аранисом Виндстаром' (1 раз(а))
  🔄 Заменено: 'Энакину' → 'Аранису' (7 раз(а))
  🔄 Заменено: 'Энакину Скайуокеру' → 'Аранису Виндстару' (1 раз(а))
  🔄 Заменено: 'Эндоре' → 'Телуре' (2 раз(а))
  🔄 Заменено: 'Явине' → 'Нейме' (5 раз(а))
  🔄 Заменено: 'армию клонов' → 'генетические легионы' (1 раз(а))
  🔄 Заменено: 'армия клонов' → 'генетические легионы' (1 раз(а))
  🔄 Заменено: 'бластер' → 'квантомет' (5 раз(а))
  🔄 Заменено: 'бластера' → 'квантомета' (1 раз(а))
  🔄 Заменено: 'войн клонов' → 'генетических войн' (1 раз(а))
  🔄 Заменено: 'гипердвигатель' → 'синхродвигатель' (2 раз(а))
  🔄 Заменено: 'гипердвигателя' → 'синхродвигателя' (1 раз(а))
  🔄 Заменено: 'голопроектор' → 'голограммный передатчик' (1 раз(а))
  🔄 Заменено: 'гранд-моффу Таркину' → 'гранд-моффу Тариусу' (1 раз(а))
  🔄 Заменено: 'гривуса' → 'кракена' (1 раз(а))
  🔄 Заменено: 'джедае' → 'хранителе' (66 раз(а))
  🔄 Заменено: 'джедаем' → 'хранителем' (4 раз(а))
  🔄 Заменено: 'джедаи' → 'хранители' (38 раз(а))
  🔄 Заменено: 'джедай' → 'хранитель' (44 раз(а))
  🔄 Заменено: 'джедаю' → 'хранителю' (6 раз(а))
  🔄 Заменено: 'джедая' → 'хранителя' (53 раз(а))
  🔄 Заменено: 'джеонозисе' → 'ферруме' (1 раз(а))
  🔄 Заменено: 'дроид' → 'автоматон' (98 раз(а))
  🔄 Заменено: 'дроида' → 'автоматона' (42 раз(а))
  🔄 Заменено: 'дроидом' → 'автоматоном' (2 раз(а))
  🔄 Заменено: 'дроиду' → 'автоматону' (2 раз(а))
  🔄 Заменено: 'звезде смерти' → 'сфере Аннигиляции' (1 раз(а))
  🔄 Заменено: 'звёздном разрушителе' → 'линейном крейсере' (1 раз(а))
  🔄 Заменено: 'коди' → 'тедди' (1 раз(а))
  🔄 Заменено: 'комлинку' → 'радиоканалу' (1 раз(а))
  🔄 Заменено: 'корусант' → 'просперо' (1 раз(а))
  🔄 Заменено: 'крайт' → 'фобос' (1 раз(а))
  🔄 Заменено: 'люка' → 'кейла' (2 раз(а))
  🔄 Заменено: 'люку' → 'кейлу' (1 раз(а))
  🔄 Заменено: 'мандалор' → 'грозный' (1 раз(а))
  🔄 Заменено: 'набу' → 'арно' (1 раз(а))
  🔄 Заменено: 'рыцарем-джедаем' → 'хранителем' (1 раз(а))
  🔄 Заменено: 'рыцарь-джедай' → 'хранитель' (2 раз(а))
  🔄 Заменено: 'рыцаря-джедая' → 'хранителя' (1 раз(а))
  🔄 Заменено: 'светового меча' → 'квантового клинка' (3 раз(а))
  🔄 Заменено: 'световой меч' → 'квантовый клинок' (17 раз(а))
  🔄 Заменено: 'световые мечи' → 'квантовые клинки' (2 раз(а))
  🔄 Заменено: 'световым мечом' → 'квантовым клинком' (2 раз(а))
  🔄 Заменено: 'световыми мечами' → 'квантовыми клинками' (1 раз(а))
  🔄 Заменено: 'световых мечах' → 'квантовых клинках' (2 раз(а))
  🔄 Заменено: 'сила' → 'эфир' (7 раз(а))
  🔄 Заменено: 'силе' → 'эфире' (1 раз(а))
  🔄 Заменено: 'силой' → 'эфиром' (2 раз(а))
  🔄 Заменено: 'силу' → 'эфир' (1 раз(а))
  🔄 Заменено: 'силы' → 'эфира' (8 раз(а))
  🔄 Заменено: 'ситх' → 'особист' (18 раз(а))
  🔄 Заменено: 'ситха' → 'особиста' (4 раз(а))
  🔄 Заменено: 'ситхом' → 'особистом' (2 раз(а))
  🔄 Заменено: 'татуине' → 'дюнарии' (1 раз(а))
  🔄 Заменено: 'тёмной стороне' → 'тумане' (1 раз(а))
  🔄 Заменено: 'энакином скайуокером' → 'аранисом Виндстаром' (1 раз(а))
  📊 Всего замен в файле: 1734

📄 Файл: Тысячелетний_сокол.md → Странник.md
  🔄 Заменено: 'C-3PO' → 'PROMT-3' (2 раз(а))
  🔄 Заменено: 'R2-D2' → 'KUBER-77' (4 раз(а))
  🔄 Заменено: 'Боба Фетт' → 'Гарн Тралл' (1 раз(а))
  🔄 Заменено: 'Бобе Фетту' → 'Гарну Траллу' (1 раз(а))
  🔄 Заменено: 'Бобы Фетта' → 'Гарна Тралла' (2 раз(а))
  🔄 Заменено: 'Войн клонов' → 'Генетических войн' (1 раз(а))
  🔄 Заменено: 'Галактической гражданской войны' → 'Войны за Наследие Империи' (1 раз(а))
  🔄 Заменено: 'Дарт Вейдер' → 'Лорд Вейнос' (1 раз(а))
  🔄 Заменено: 'Дарта Вейдера' → 'Лорда Вейноса' (1 раз(а))
  🔄 Заменено: 'Дарту Вейдеру' → 'Лорду Вейносу' (1 раз(а))
  🔄 Заменено: 'Джабба' → 'Слизгар' (1 раз(а))
  🔄 Заменено: 'Джаббе' → 'Слизгар' (2 раз(а))
  🔄 Заменено: 'Джаббе Хатту' → 'Слизгар Лорду' (2 раз(а))
  🔄 Заменено: 'Джаббы' → 'Слизгар' (3 раз(а))
  🔄 Заменено: 'Дроид' → 'Автоматон' (1 раз(а))
  🔄 Заменено: 'Звезда Смерти' → 'Сфера Аннигиляции' (2 раз(а))
  🔄 Заменено: 'Звезде Смерти' → 'Сфере Аннигиляции' (1 раз(а))
  🔄 Заменено: 'Звездой Смерти' → 'Сферой Аннигиляции' (1 раз(а))
  🔄 Заменено: 'Звезду Смерти' → 'Сферу Аннигиляции' (4 раз(а))
  🔄 Заменено: 'Звезды Смерти' → 'Сферы Аннигиляции' (3 раз(а))
  🔄 Заменено: 'Кашиик' → 'Верден' (1 раз(а))
  🔄 Заменено: 'Кашиике' → 'Вердене' (1 раз(а))
  🔄 Заменено: 'Кеноби' → 'Делл' (1 раз(а))
  🔄 Заменено: 'Корусант' → 'Просперо' (3 раз(а))
  🔄 Заменено: 'Корусанта' → 'Просперо' (3 раз(а))
  🔄 Заменено: 'Корусанте' → 'Просперо' (3 раз(а))
  🔄 Заменено: 'Корусанту' → 'Просперо' (1 раз(а))
  🔄 Заменено: 'Леей' → 'Кариной' (2 раз(а))
  🔄 Заменено: 'Леи' → 'Карины' (2 раз(а))
  🔄 Заменено: 'Леи Органы' → 'Карины Вальс' (1 раз(а))
  🔄 Заменено: 'Лею' → 'Карину' (3 раз(а))
  🔄 Заменено: 'Лею Органу' → 'Карину Вальс' (1 раз(а))
  🔄 Заменено: 'Лея' → 'Карина' (10 раз(а))
  🔄 Заменено: 'Лея Органа' → 'Карина Вальс' (3 раз(а))
  🔄 Заменено: 'Люк' → 'Кейл' (11 раз(а))
  🔄 Заменено: 'Люка' → 'Кейла' (8 раз(а))
  🔄 Заменено: 'Люком' → 'Кейлом' (1 раз(а))
  🔄 Заменено: 'Люку' → 'Кейлу' (1 раз(а))
  🔄 Заменено: 'Мандалор' → 'Грозный' (1 раз(а))
  🔄 Заменено: 'Набу' → 'Арно' (1 раз(а))
  🔄 Заменено: 'Оби-Ван' → 'Торас' (2 раз(а))
  🔄 Заменено: 'Оби-Ван Кеноби' → 'Торас Делл' (2 раз(а))
  🔄 Заменено: 'Оби-Ваном Кеноби' → 'Торасом Деллом' (1 раз(а))
  🔄 Заменено: 'Оби-Вану Кеноби' → 'Торасу Деллу' (1 раз(а))
  🔄 Заменено: 'Палпатина' → 'Малкора' (1 раз(а))
  🔄 Заменено: 'Палпатином' → 'Малкором' (1 раз(а))
  🔄 Заменено: 'Повстанческого Альянса' → 'Сопротивления Свободы' (1 раз(а))
  🔄 Заменено: 'С-3РО' → 'PROMT-3' (1 раз(а))
  🔄 Заменено: 'Силе' → 'Эфире' (2 раз(а))
  🔄 Заменено: 'Силу' → 'Эфир' (1 раз(а))
  🔄 Заменено: 'Силы' → 'Эфира' (1 раз(а))
  🔄 Заменено: 'Скайуокер' → 'Виндстар' (6 раз(а))
  🔄 Заменено: 'Скайуокера' → 'Виндстара' (6 раз(а))
  🔄 Заменено: 'Соло' → 'Старран' (52 раз(а))
  🔄 Заменено: 'Татуин' → 'Дюнарий' (4 раз(а))
  🔄 Заменено: 'Татуине' → 'Дюнарии' (1 раз(а))
  🔄 Заменено: 'Татуину' → 'Дюнарию' (1 раз(а))
  🔄 Заменено: 'Тысячелетнего сокола' → 'Столетнего сокола' (5 раз(а))
  🔄 Заменено: 'Тысячелетнем соколе' → 'Столетнем соколе' (6 раз(а))
  🔄 Заменено: 'Тысячелетнему Соколу' → 'Столетнему соколу' (1 раз(а))
  🔄 Заменено: 'Тысячелетний сокол' → 'Столетний сокол' (27 раз(а))
  🔄 Заменено: 'Тёмную сторону' → 'Туман' (1 раз(а))
  🔄 Заменено: 'Хан' → 'Декс' (19 раз(а))
  🔄 Заменено: 'Хан Соло' → 'Декс Старран' (8 раз(а))
  🔄 Заменено: 'Хана' → 'Декса' (5 раз(а))
  🔄 Заменено: 'Хана Соло' → 'Декса Старрана' (8 раз(а))
  🔄 Заменено: 'Ханом' → 'Дексом' (2 раз(а))
  🔄 Заменено: 'Ханом Соло' → 'Дексом Старраном' (1 раз(а))
  🔄 Заменено: 'Хану' → 'Дексу' (3 раз(а))
  🔄 Заменено: 'Хану Соло' → 'Дексу Старрану' (2 раз(а))
  🔄 Заменено: 'Чубакка' → 'Чукчукка' (6 раз(а))
  🔄 Заменено: 'Чубакке' → 'Чукчукке' (1 раз(а))
  🔄 Заменено: 'Чубакки' → 'Чукчукки' (8 раз(а))
  🔄 Заменено: 'Чубаккой' → 'Чукчуккой' (2 раз(а))
  🔄 Заменено: 'Чуи' → 'Чуки' (1 раз(а))
  🔄 Заменено: 'Энакин' → 'Аранис' (2 раз(а))
  🔄 Заменено: 'Энакина' → 'Араниса' (1 раз(а))
  🔄 Заменено: 'Энакином Скайуокером' → 'Аранисом Виндстаром' (1 раз(а))
  🔄 Заменено: 'Эндоре' → 'Телуре' (3 раз(а))
  🔄 Заменено: 'Явин' → 'Нейма' (1 раз(а))
  🔄 Заменено: 'Явина' → 'Неймы' (1 раз(а))
  🔄 Заменено: 'Явине' → 'Нейме' (1 раз(а))
  🔄 Заменено: 'бластера' → 'квантомета' (1 раз(а))
  🔄 Заменено: 'галактическая гражданская война' → 'война за Наследие Империи' (1 раз(а))
  🔄 Заменено: 'галактической гражданской войны' → 'войны за Наследие Империи' (2 раз(а))
  🔄 Заменено: 'гипердвигателе' → 'синхродвигателе' (1 раз(а))
  🔄 Заменено: 'гипердвигатель' → 'синхродвигатель' (5 раз(а))
  🔄 Заменено: 'джедае' → 'хранителе' (4 раз(а))
  🔄 Заменено: 'джедаем' → 'хранителем' (2 раз(а))
  🔄 Заменено: 'джедай' → 'хранитель' (1 раз(а))
  🔄 Заменено: 'дроид' → 'автоматон' (4 раз(а))
  🔄 Заменено: 'дроида' → 'автоматона' (3 раз(а))
  🔄 Заменено: 'звёздного разрушителя' → 'линейного крейсера' (3 раз(а))
  🔄 Заменено: 'звёздный разрушитель' → 'линейный крейсер' (2 раз(а))
  🔄 Заменено: 'истребитель TIE' → 'перехватчик 'Жало'' (1 раз(а))
  🔄 Заменено: 'мандалор' → 'грозный' (3 раз(а))
  🔄 Заменено: 'рыцари-джедаи' → 'хранители' (1 раз(а))
  🔄 Заменено: 'сила' → 'эфир' (1 раз(а))
  🔄 Заменено: 'ситх' → 'особист' (2 раз(а))
  🔄 Заменено: 'тысячелетнего сокола' → 'столетнего сокола' (1 раз(а))
  🔄 Заменено: 'хана соло' → 'декса Старрана' (1 раз(а))
  🔄 Заменено: 'ханом соло' → 'дексом Старраном' (1 раз(а))
  🔄 Заменено: 'эндоре' → 'телуре' (1 раз(а))
  🔄 Заменено: 'явине' → 'нейме' (1 раз(а))
  📊 Всего замен в файле: 335

📄 Файл: Войны_клонов.md → Генетические_войны.md
  🔄 Заменено: '501-го легиона' → 'чёрных легионеров' (4 раз(а))
  🔄 Заменено: '501-й легион' → 'чёрные легионеры' (1 раз(а))
  🔄 Заменено: '501-м легионом' → 'чёрными легионерами' (2 раз(а))
  🔄 Заменено: 'AT-AT' → 'ММ-123' (1 раз(а))
  🔄 Заменено: 'C-3PO' → 'PROMT-3' (3 раз(а))
  🔄 Заменено: 'R2' → 'KUB77' (4 раз(а))
  🔄 Заменено: 'R2-D2' → 'KUBER-77' (6 раз(а))
  🔄 Заменено: 'Y-wing' → 'Y-Staffel' (2 раз(а))
  🔄 Заменено: 'Амидала' → 'Астра' (5 раз(а))
  🔄 Заменено: 'Амидалой' → 'Астрой' (1 раз(а))
  🔄 Заменено: 'Амидалу' → 'Астру' (6 раз(а))
  🔄 Заменено: 'Амидалы' → 'Астры' (5 раз(а))
  🔄 Заменено: 'Войн клонов' → 'Генетических войн' (8 раз(а))
  🔄 Заменено: 'Войнами клонов' → 'Генетическими войнами' (1 раз(а))
  🔄 Заменено: 'Войнах клонов' → 'Генетических войнах' (3 раз(а))
  🔄 Заменено: 'Войны клонов' → 'Генетические войны' (4 раз(а))
  🔄 Заменено: 'Галактическая республика' → 'Республика Света' (1 раз(а))
  🔄 Заменено: 'Галактической Империи' → 'Империи Вечного Порядка' (3 раз(а))
  🔄 Заменено: 'Галактической гражданской войны' → 'Войны за Наследие Империи' (1 раз(а))
  🔄 Заменено: 'Гривус' → 'Кракен' (47 раз(а))
  🔄 Заменено: 'Гривуса' → 'Кракена' (31 раз(а))
  🔄 Заменено: 'Гривусом' → 'Кракеном' (11 раз(а))
  🔄 Заменено: 'Гривусу' → 'Кракену' (6 раз(а))
  🔄 Заменено: 'Дарт Вейдер' → 'Лорд Вейнос' (2 раз(а))
  🔄 Заменено: 'Дарт Сидиус' → 'Лорд Сириус' (9 раз(а))
  🔄 Заменено: 'Дарта Вейдера' → 'Лорда Вейноса' (1 раз(а))
  🔄 Заменено: 'Дарта Сидиуса' → 'Лорда Сириуса' (8 раз(а))
  🔄 Заменено: 'Дартом Вейдером' → 'Лордом Вейносом' (1 раз(а))
  🔄 Заменено: 'Дартом Сидиусом' → 'Лордом Сириусом' (3 раз(а))
  🔄 Заменено: 'Джа-Джа Бинкс' → 'Зог-Зог' (1 раз(а))
  🔄 Заменено: 'Джа-Джа Бинкса' → 'Зог-Зога' (1 раз(а))
  🔄 Заменено: 'Джа-Джа Бинксом' → 'Зог-Зогом' (2 раз(а))
  🔄 Заменено: 'Джабба' → 'Слизгар' (3 раз(а))
  🔄 Заменено: 'Джаббы' → 'Слизгар' (5 раз(а))
  🔄 Заменено: 'Джедае' → 'Хранителе' (1 раз(а))
  🔄 Заменено: 'Джедаи' → 'Хранители' (13 раз(а))
  🔄 Заменено: 'Джедай' → 'Хранитель' (2 раз(а))
  🔄 Заменено: 'Джеонозис' → 'Феррум' (5 раз(а))
  🔄 Заменено: 'Джеонозиса' → 'Феррума' (4 раз(а))
  🔄 Заменено: 'Джеонозисе' → 'Ферруме' (17 раз(а))
  🔄 Заменено: 'Дроид' → 'Автоматон' (6 раз(а))
  🔄 Заменено: 'Дуку' → 'Тираксу' (108 раз(а))
  🔄 Заменено: 'Звезда Смерти' → 'Сфера Аннигиляции' (1 раз(а))
  🔄 Заменено: 'Звезды Смерти' → 'Сферы Аннигиляции' (1 раз(а))
  🔄 Заменено: 'Звёздный разрушитель' → 'Линейный крейсер' (1 раз(а))
  🔄 Заменено: 'Йода' → 'Дегрей' (12 раз(а))
  🔄 Заменено: 'Йоде' → 'Дегрее' (1 раз(а))
  🔄 Заменено: 'Йодой' → 'Дегреем' (4 раз(а))
  🔄 Заменено: 'Йоду' → 'Дегрею' (5 раз(а))
  🔄 Заменено: 'Йоды' → 'Дегрея' (3 раз(а))
  🔄 Заменено: 'Кашиик' → 'Верден' (5 раз(а))
  🔄 Заменено: 'Кашиика' → 'Вердена' (5 раз(а))
  🔄 Заменено: 'Кашиике' → 'Вердене' (1 раз(а))
  🔄 Заменено: 'Кашиику' → 'Вердену' (1 раз(а))
  🔄 Заменено: 'Кеноби' → 'Делл' (67 раз(а))
  🔄 Заменено: 'Коди' → 'Тедди' (5 раз(а))
  🔄 Заменено: 'Корусант' → 'Просперо' (23 раз(а))
  🔄 Заменено: 'Корусанта' → 'Просперо' (10 раз(а))
  🔄 Заменено: 'Корусанте' → 'Просперо' (13 раз(а))
  🔄 Заменено: 'Корусантом' → 'Просперо' (1 раз(а))
  🔄 Заменено: 'Корусанту' → 'Просперо' (1 раз(а))
  🔄 Заменено: 'Мандалор' → 'Грозный' (9 раз(а))
  🔄 Заменено: 'Мандалора' → 'Грозного' (2 раз(а))
  🔄 Заменено: 'Мандалоре' → 'Грозном' (5 раз(а))
  🔄 Заменено: 'Мейс Винду' → 'Джорен Валь' (15 раз(а))
  🔄 Заменено: 'Мейса Винду' → 'Джорена Валя' (4 раз(а))
  🔄 Заменено: 'Мейсу Винду' → 'Джорену Валю' (2 раз(а))
  🔄 Заменено: 'Набу' → 'Арно' (13 раз(а))
  🔄 Заменено: 'Оби-Ван' → 'Торас' (26 раз(а))
  🔄 Заменено: 'Оби-Ван Кеноби' → 'Торас Делл' (19 раз(а))
  🔄 Заменено: 'Оби-Вана Кеноби' → 'Тораса Делла' (8 раз(а))
  🔄 Заменено: 'Оби-Ваном Кеноби' → 'Торасом Деллом' (1 раз(а))
  🔄 Заменено: 'Оби-Вану Кеноби' → 'Торасу Деллу' (3 раз(а))
  🔄 Заменено: 'Орден джедаев' → 'Орден Хранителей' (1 раз(а))
  🔄 Заменено: 'Ордена джедаев' → 'Ордена Хранителей' (2 раз(а))
  🔄 Заменено: 'Ордене джедаев' → 'Ордене Хранителей' (1 раз(а))
  🔄 Заменено: 'Ордену джедаев' → 'Ордену Хранителей' (1 раз(а))
  🔄 Заменено: 'Падме Амидала' → 'Падме Астра' (4 раз(а))
  🔄 Заменено: 'Падме Амидалой' → 'Падме Астрой' (2 раз(а))
  🔄 Заменено: 'Падме Амидалу' → 'Падме Астру' (2 раз(а))
  🔄 Заменено: 'Падме Амидалы' → 'Падме Астры' (1 раз(а))
  🔄 Заменено: 'Палпатин' → 'Малкор' (31 раз(а))
  🔄 Заменено: 'Палпатина' → 'Малкора' (14 раз(а))
  🔄 Заменено: 'Палпатином' → 'Малкором' (4 раз(а))
  🔄 Заменено: 'Палпатину' → 'Малкору' (4 раз(а))
  🔄 Заменено: 'Рекс' → 'Ректор' (10 раз(а))
  🔄 Заменено: 'Рекса' → 'Ректора' (6 раз(а))
  🔄 Заменено: 'Рексом' → 'Ректором' (1 раз(а))
  🔄 Заменено: 'Рен' → 'Солус' (4 раз(а))
  🔄 Заменено: 'Рыцари-джедаи' → 'Хранители' (1 раз(а))
  🔄 Заменено: 'Сила' → 'Эфир' (3 раз(а))
  🔄 Заменено: 'Силе' → 'Эфире' (5 раз(а))
  🔄 Заменено: 'Силой' → 'Эфиром' (3 раз(а))
  🔄 Заменено: 'Силу' → 'Эфир' (1 раз(а))
  🔄 Заменено: 'Силы' → 'Эфира' (15 раз(а))
  🔄 Заменено: 'Скайуокер' → 'Виндстар' (52 раз(а))
  🔄 Заменено: 'Скайуокера' → 'Виндстара' (17 раз(а))
  🔄 Заменено: 'Скайуокере' → 'Виндстаре' (1 раз(а))
  🔄 Заменено: 'Скайуокером' → 'Виндстаром' (5 раз(а))
  🔄 Заменено: 'Скайуокеру' → 'Виндстару' (2 раз(а))
  🔄 Заменено: 'Татуин' → 'Дюнарий' (3 раз(а))
  🔄 Заменено: 'Татуине' → 'Дюнарии' (5 раз(а))
  🔄 Заменено: 'Татуином' → 'Дюнарием' (1 раз(а))
  🔄 Заменено: 'Торговая федерация' → 'Торговый союз' (4 раз(а))
  🔄 Заменено: 'Торговой федерацией' → 'Торговым союзом' (2 раз(а))
  🔄 Заменено: 'Торговой федерации' → 'Торговом союзе' (9 раз(а))
  🔄 Заменено: 'Торговую федерацию' → 'Торговый союз' (3 раз(а))
  🔄 Заменено: 'Тёмная сторона' → 'Туман' (1 раз(а))
  🔄 Заменено: 'Тёмной стороне' → 'Тумане' (1 раз(а))
  🔄 Заменено: 'Тёмной стороны' → 'Тумана' (1 раз(а))
  🔄 Заменено: 'Тёмную сторону' → 'Туман' (3 раз(а))
  🔄 Заменено: 'Хан' → 'Декс' (1 раз(а))
  🔄 Заменено: 'Чубакка' → 'Чукчукка' (1 раз(а))
  🔄 Заменено: 'Чубаккой' → 'Чукчуккой' (1 раз(а))
  🔄 Заменено: 'Энакин' → 'Аранис' (40 раз(а))
  🔄 Заменено: 'Энакин Скайуокер' → 'Аранис Виндстар' (23 раз(а))
  🔄 Заменено: 'Энакина' → 'Араниса' (8 раз(а))
  🔄 Заменено: 'Энакина Скайуокера' → 'Араниса Виндстара' (14 раз(а))
  🔄 Заменено: 'Энакином' → 'Аранисом' (1 раз(а))
  🔄 Заменено: 'Энакином Скайуокером' → 'Аранисом Виндстаром' (3 раз(а))
  🔄 Заменено: 'Энакину' → 'Аранису' (2 раз(а))
  🔄 Заменено: 'Энакину Скайуокеру' → 'Аранису Виндстару' (3 раз(а))
  🔄 Заменено: 'Эндор' → 'Телура' (1 раз(а))
  🔄 Заменено: 'Явине' → 'Нейме' (1 раз(а))
  🔄 Заменено: 'армией клонов' → 'генетическими легионами' (1 раз(а))
  🔄 Заменено: 'армии клонов' → 'генетических легионах' (2 раз(а))
  🔄 Заменено: 'армию клонов' → 'генетические легионы' (5 раз(а))
  🔄 Заменено: 'армия клонов' → 'генетические легионы' (3 раз(а))
  🔄 Заменено: 'бластер' → 'квантомет' (1 раз(а))
  🔄 Заменено: 'бластером' → 'квантометом' (1 раз(а))
  🔄 Заменено: 'гипердвигателе' → 'синхродвигателе' (1 раз(а))
  🔄 Заменено: 'гипердвигатель' → 'синхродвигатель' (2 раз(а))
  🔄 Заменено: 'джедае' → 'хранителе' (93 раз(а))
  🔄 Заменено: 'джедаем' → 'хранителем' (6 раз(а))
  🔄 Заменено: 'джедаи' → 'хранители' (38 раз(а))
  🔄 Заменено: 'джедай' → 'хранитель' (32 раз(а))
  🔄 Заменено: 'джедаю' → 'хранителю' (1 раз(а))
  🔄 Заменено: 'джедая' → 'хранителя' (43 раз(а))
  🔄 Заменено: 'джеонозисе' → 'ферруме' (1 раз(а))
  🔄 Заменено: 'дроид' → 'автоматон' (110 раз(а))
  🔄 Заменено: 'дроида' → 'автоматона' (27 раз(а))
  🔄 Заменено: 'дроидом' → 'автоматоном' (1 раз(а))
  🔄 Заменено: 'дроиду' → 'автоматону' (1 раз(а))
  🔄 Заменено: 'звёздного разрушителя' → 'линейного крейсера' (1 раз(а))
  🔄 Заменено: 'звёздный разрушитель' → 'линейный крейсер' (3 раз(а))
  🔄 Заменено: 'комлинк' → 'радиоканал' (1 раз(а))
  🔄 Заменено: 'корусант' → 'просперо' (1 раз(а))
  🔄 Заменено: 'мандалор' → 'грозный' (11 раз(а))
  🔄 Заменено: 'мидихлорианы' → 'нейросинхронизаторы' (1 раз(а))
  🔄 Заменено: 'набу' → 'арно' (1 раз(а))
  🔄 Заменено: 'палпатину' → 'малкору' (1 раз(а))
  🔄 Заменено: 'рен' → 'солус' (1 раз(а))
  🔄 Заменено: 'рыцарем-джедаем' → 'хранителем' (2 раз(а))
  🔄 Заменено: 'рыцари-джедаи' → 'хранители' (4 раз(а))
  🔄 Заменено: 'рыцарь-джедай' → 'хранитель' (4 раз(а))
  🔄 Заменено: 'рыцаря-джедая' → 'хранителя' (2 раз(а))
  🔄 Заменено: 'светового меча' → 'квантового клинка' (4 раз(а))
  🔄 Заменено: 'световой меч' → 'квантовый клинок' (2 раз(а))
  🔄 Заменено: 'световому мечу' → 'квантовому клинку' (1 раз(а))
  🔄 Заменено: 'световые мечи' → 'квантовые клинки' (1 раз(а))
  🔄 Заменено: 'световым мечом' → 'квантовым клинком' (7 раз(а))
  🔄 Заменено: 'световыми мечами' → 'квантовыми клинками' (1 раз(а))
  🔄 Заменено: 'световых мечах' → 'квантовых клинках' (3 раз(а))
  🔄 Заменено: 'световых мечей' → 'квантовых клинков' (2 раз(а))
  🔄 Заменено: 'сила' → 'эфир' (20 раз(а))
  🔄 Заменено: 'силу' → 'эфир' (2 раз(а))
  🔄 Заменено: 'силы' → 'эфира' (34 раз(а))
  🔄 Заменено: 'ситх' → 'особист' (23 раз(а))
  🔄 Заменено: 'ситха' → 'особиста' (3 раз(а))
  🔄 Заменено: 'ситхом' → 'особистом' (3 раз(а))
  🔄 Заменено: 'ситху' → 'особисту' (1 раз(а))
  🔄 Заменено: 'татуин' → 'дюнарий' (1 раз(а))
  🔄 Заменено: 'тёмную сторону' → 'туман' (3 раз(а))
  📊 Всего замен в файле: 1453

📄 Файл: Световой_меч.md → Квантовый_клинок.md
  🔄 Заменено: 'C-3PO' → 'PROMT-3' (1 раз(а))
  🔄 Заменено: 'Боба Фетт' → 'Гарн Тралл' (1 раз(а))
  🔄 Заменено: 'Войн клонов' → 'Генетических войн' (4 раз(а))
  🔄 Заменено: 'Войны клонов' → 'Генетические войны' (2 раз(а))
  🔄 Заменено: 'Галактической Империи' → 'Империи Вечного Порядка' (2 раз(а))
  🔄 Заменено: 'Галактическую Республику' → 'Республику Света' (1 раз(а))
  🔄 Заменено: 'Гривус' → 'Кракен' (1 раз(а))
  🔄 Заменено: 'Гривуса' → 'Кракена' (2 раз(а))
  🔄 Заменено: 'Дарт Вейдер' → 'Лорд Вейнос' (1 раз(а))
  🔄 Заменено: 'Дарта Вейдера' → 'Лорда Вейноса' (3 раз(а))
  🔄 Заменено: 'Дарта Сидиуса' → 'Лорда Сириуса' (2 раз(а))
  🔄 Заменено: 'Дартом Вейдером' → 'Лордом Вейносом' (1 раз(а))
  🔄 Заменено: 'Дарту Вейдеру' → 'Лорду Вейносу' (1 раз(а))
  🔄 Заменено: 'Джедае' → 'Хранителе' (1 раз(а))
  🔄 Заменено: 'Джедаи' → 'Хранители' (5 раз(а))
  🔄 Заменено: 'Джедай' → 'Хранитель' (1 раз(а))
  🔄 Заменено: 'Дуку' → 'Тираксу' (2 раз(а))
  🔄 Заменено: 'Йода' → 'Дегрей' (1 раз(а))
  🔄 Заменено: 'Квай-Гон Джинн' → 'Квай-Гон Терр' (1 раз(а))
  🔄 Заменено: 'Корусант' → 'Просперо' (1 раз(а))
  🔄 Заменено: 'Корусанта' → 'Просперо' (1 раз(а))
  🔄 Заменено: 'Крайт' → 'Фобос' (2 раз(а))
  🔄 Заменено: 'Крайтом' → 'Фобосом' (1 раз(а))
  🔄 Заменено: 'Леи Органы' → 'Карины Вальс' (1 раз(а))
  🔄 Заменено: 'Люк' → 'Кейл' (3 раз(а))
  🔄 Заменено: 'Люка' → 'Кейла' (6 раз(а))
  🔄 Заменено: 'Люку' → 'Кейлу' (1 раз(а))
  🔄 Заменено: 'Мандалор' → 'Грозный' (2 раз(а))
  🔄 Заменено: 'Мейс Винду' → 'Джорен Валь' (2 раз(а))
  🔄 Заменено: 'Мейсом Винду' → 'Джореном Валем' (1 раз(а))
  🔄 Заменено: 'Оби-Ван Кеноби' → 'Торас Делл' (1 раз(а))
  🔄 Заменено: 'Оби-Вана Кеноби' → 'Тораса Делла' (3 раз(а))
  🔄 Заменено: 'Оби-Ваном Кеноби' → 'Торасом Деллом' (1 раз(а))
  🔄 Заменено: 'Орден джедаев' → 'Орден Хранителей' (1 раз(а))
  🔄 Заменено: 'Ордена джедаев' → 'Ордена Хранителей' (4 раз(а))
  🔄 Заменено: 'Орденом джедаев' → 'Орденом Хранителей' (1 раз(а))
  🔄 Заменено: 'Палпатин' → 'Малкор' (5 раз(а))
  🔄 Заменено: 'Палпатина' → 'Малкора' (3 раз(а))
  🔄 Заменено: 'Световой меч' → 'Квантовый клинок' (7 раз(а))
  🔄 Заменено: 'Световые мечи' → 'Квантовые клинки' (2 раз(а))
  🔄 Заменено: 'Сила' → 'Эфир' (2 раз(а))
  🔄 Заменено: 'Силе' → 'Эфире' (4 раз(а))
  🔄 Заменено: 'Силой' → 'Эфиром' (11 раз(а))
  🔄 Заменено: 'Силу' → 'Эфир' (2 раз(а))
  🔄 Заменено: 'Силы' → 'Эфира' (7 раз(а))
  🔄 Заменено: 'Ситх' → 'Особист' (2 раз(а))
  🔄 Заменено: 'Скайуокер' → 'Виндстар' (4 раз(а))
  🔄 Заменено: 'Скайуокера' → 'Виндстара' (5 раз(а))
  🔄 Заменено: 'Соло' → 'Старран' (5 раз(а))
  🔄 Заменено: 'Татуине' → 'Дюнарии' (1 раз(а))
  🔄 Заменено: 'Хан Соло' → 'Декс Старран' (1 раз(а))
  🔄 Заменено: 'Энакин Скайуокер' → 'Аранис Виндстар' (2 раз(а))
  🔄 Заменено: 'Энакина Скайуокера' → 'Араниса Виндстара' (3 раз(а))
  🔄 Заменено: 'бластер' → 'квантомет' (2 раз(а))
  🔄 Заменено: 'бластера' → 'квантомета' (2 раз(а))
  🔄 Заменено: 'джедае' → 'хранителе' (30 раз(а))
  🔄 Заменено: 'джедаем' → 'хранителем' (1 раз(а))
  🔄 Заменено: 'джедаи' → 'хранители' (14 раз(а))
  🔄 Заменено: 'джедай' → 'хранитель' (11 раз(а))
  🔄 Заменено: 'джедаю' → 'хранителю' (1 раз(а))
  🔄 Заменено: 'джедая' → 'хранителя' (22 раз(а))
  🔄 Заменено: 'дроид' → 'автоматон' (2 раз(а))
  🔄 Заменено: 'дроиду' → 'автоматону' (1 раз(а))
  🔄 Заменено: 'мандалор' → 'грозный' (3 раз(а))
  🔄 Заменено: 'мидихлорианов' → 'нейросинхронизаторов' (1 раз(а))
  🔄 Заменено: 'рыцари-джедаи' → 'хранители' (3 раз(а))
  🔄 Заменено: 'светового меча' → 'квантового клинка' (29 раз(а))
  🔄 Заменено: 'световой меч' → 'квантовый клинок' (27 раз(а))
  🔄 Заменено: 'световом мече' → 'квантовом клинке' (2 раз(а))
  🔄 Заменено: 'световому мечу' → 'квантовому клинку' (3 раз(а))
  🔄 Заменено: 'световые мечи' → 'квантовые клинки' (27 раз(а))
  🔄 Заменено: 'световым мечам' → 'квантовым клинкам' (3 раз(а))
  🔄 Заменено: 'световым мечом' → 'квантовым клинком' (8 раз(а))
  🔄 Заменено: 'световыми мечами' → 'квантовыми клинками' (2 раз(а))
  🔄 Заменено: 'световых мечах' → 'квантовых клинках' (5 раз(а))
  🔄 Заменено: 'световых мечей' → 'квантовых клинков' (18 раз(а))
  🔄 Заменено: 'силе' → 'эфире' (2 раз(а))
  🔄 Заменено: 'силой' → 'эфиром' (3 раз(а))
  🔄 Заменено: 'силу' → 'эфир' (1 раз(а))
  🔄 Заменено: 'силы' → 'эфира' (2 раз(а))
  🔄 Заменено: 'ситх' → 'особист' (41 раз(а))
  🔄 Заменено: 'ситха' → 'особиста' (8 раз(а))
  🔄 Заменено: 'ситхом' → 'особистом' (1 раз(а))
  🔄 Заменено: 'ситху' → 'особисту' (1 раз(а))
  🔄 Заменено: 'тёмной стороны' → 'тумана' (3 раз(а))
  🔄 Заменено: 'тёмную сторону' → 'туман' (1 раз(а))
  📊 Всего замен в файле: 411

📄 Файл: R2-D2.md → KUBER-77.md
  🔄 Заменено: '3PO' → 'pROMT-3' (2 раз(а))
  🔄 Заменено: 'C-3PO' → 'PROMT-3' (19 раз(а))
  🔄 Заменено: 'C-3PО' → 'PROMT-3' (2 раз(а))
  🔄 Заменено: 'R2' → 'KUB77' (68 раз(а))
  🔄 Заменено: 'R2-D2' → 'KUBER-77' (14 раз(а))
  🔄 Заменено: 'Амидала' → 'Астра' (2 раз(а))
  🔄 Заменено: 'Амидале' → 'Астре' (1 раз(а))
  🔄 Заменено: 'Амидалой' → 'Астрой' (1 раз(а))
  🔄 Заменено: 'Амидалу' → 'Астру' (1 раз(а))
  🔄 Заменено: 'Амидалы' → 'Астры' (2 раз(а))
  🔄 Заменено: 'Боба Фетт' → 'Гарн Тралл' (1 раз(а))
  🔄 Заменено: 'Войн клонов' → 'Генетических войн' (2 раз(а))
  🔄 Заменено: 'Войны клонов' → 'Генетические войны' (1 раз(а))
  🔄 Заменено: 'Галактическая гражданская война' → 'Война за Наследие Империи' (1 раз(а))
  🔄 Заменено: 'Галактической гражданской войне' → 'Войне за Наследие Империи' (1 раз(а))
  🔄 Заменено: 'Дагоба' → 'Ио' (3 раз(а))
  🔄 Заменено: 'Дарта Вейдера' → 'Лорда Вейноса' (1 раз(а))
  🔄 Заменено: 'Дарта Сидиуса' → 'Лорда Сириуса' (1 раз(а))
  🔄 Заменено: 'Джа-Джа Бинкса' → 'Зог-Зога' (1 раз(а))
  🔄 Заменено: 'Джа-Джа Бинксом' → 'Зог-Зогом' (1 раз(а))
  🔄 Заменено: 'Джабба' → 'Слизгар' (1 раз(а))
  🔄 Заменено: 'Джаббе' → 'Слизгар' (1 раз(а))
  🔄 Заменено: 'Джаббы' → 'Слизгар' (1 раз(а))
  🔄 Заменено: 'Джаббы Хатта' → 'Слизгар Лорда' (1 раз(а))
  🔄 Заменено: 'Джеонозис' → 'Феррум' (1 раз(а))
  🔄 Заменено: 'Джеонозисе' → 'Ферруме' (2 раз(а))
  🔄 Заменено: 'Дроид' → 'Автоматон' (2 раз(а))
  🔄 Заменено: 'Дроида' → 'Автоматона' (1 раз(а))
  🔄 Заменено: 'Дуку' → 'Тираксу' (1 раз(а))
  🔄 Заменено: 'Звездой Смерти' → 'Сферой Аннигиляции' (2 раз(а))
  🔄 Заменено: 'Звезду Смерти' → 'Сферу Аннигиляции' (2 раз(а))
  🔄 Заменено: 'Звезды Смерти' → 'Сферы Аннигиляции' (4 раз(а))
  🔄 Заменено: 'Йодой' → 'Дегреем' (1 раз(а))
  🔄 Заменено: 'Йоду' → 'Дегрею' (1 раз(а))
  🔄 Заменено: 'Йоды' → 'Дегрея' (1 раз(а))
  🔄 Заменено: 'Корусант' → 'Просперо' (3 раз(а))
  🔄 Заменено: 'Корусанте' → 'Просперо' (1 раз(а))
  🔄 Заменено: 'Крайта' → 'Фобоса' (1 раз(а))
  🔄 Заменено: 'Леей' → 'Кариной' (2 раз(а))
  🔄 Заменено: 'Леи' → 'Карины' (4 раз(а))
  🔄 Заменено: 'Лею' → 'Карину' (1 раз(а))
  🔄 Заменено: 'Лею Органу' → 'Карину Вальс' (1 раз(а))
  🔄 Заменено: 'Лея' → 'Карина' (3 раз(а))
  🔄 Заменено: 'Лея Органа' → 'Карина Вальс' (1 раз(а))
  🔄 Заменено: 'Люк' → 'Кейл' (11 раз(а))
  🔄 Заменено: 'Люка' → 'Кейла' (12 раз(а))
  🔄 Заменено: 'Люком' → 'Кейлом' (1 раз(а))
  🔄 Заменено: 'Люку' → 'Кейлу' (5 раз(а))
  🔄 Заменено: 'Набу' → 'Арно' (7 раз(а))
  🔄 Заменено: 'Оби-Ван' → 'Торас' (7 раз(а))
  🔄 Заменено: 'Оби-Ван Кеноби' → 'Торас Делл' (1 раз(а))
  🔄 Заменено: 'Оби-Вана Кеноби' → 'Тораса Делла' (1 раз(а))
  🔄 Заменено: 'Оби-Ваном Кеноби' → 'Торасом Деллом' (1 раз(а))
  🔄 Заменено: 'Падме Амидалы' → 'Падме Астры' (1 раз(а))
  🔄 Заменено: 'Палпатина' → 'Малкора' (1 раз(а))
  🔄 Заменено: 'Силе' → 'Эфире' (1 раз(а))
  🔄 Заменено: 'Силой' → 'Эфиром' (1 раз(а))
  🔄 Заменено: 'Силы' → 'Эфира' (1 раз(а))
  🔄 Заменено: 'Скайуокер' → 'Виндстар' (7 раз(а))
  🔄 Заменено: 'Скайуокера' → 'Виндстара' (8 раз(а))
  🔄 Заменено: 'Скайуокером' → 'Виндстаром' (1 раз(а))
  🔄 Заменено: 'Скайуокеру' → 'Виндстару' (3 раз(а))
  🔄 Заменено: 'Соло' → 'Старран' (4 раз(а))
  🔄 Заменено: 'Татуин' → 'Дюнарий' (2 раз(а))
  🔄 Заменено: 'Татуине' → 'Дюнарии' (2 раз(а))
  🔄 Заменено: 'Татуином' → 'Дюнарием' (1 раз(а))
  🔄 Заменено: 'Татуину' → 'Дюнарию' (1 раз(а))
  🔄 Заменено: 'Торговой Федерации' → 'Торговом союзе' (1 раз(а))
  🔄 Заменено: 'Торговой федерации' → 'Торговом союзе' (1 раз(а))
  🔄 Заменено: 'Тысячелетнего Сокола' → 'Столетнего сокола' (1 раз(а))
  🔄 Заменено: 'Тысячелетнего сокола' → 'Столетнего сокола' (1 раз(а))
  🔄 Заменено: 'Тысячелетнем соколе' → 'Столетнем соколе' (1 раз(а))
  🔄 Заменено: 'Тысячелетний сокол' → 'Столетний сокол' (1 раз(а))
  🔄 Заменено: 'Хан' → 'Декс' (1 раз(а))
  🔄 Заменено: 'Хан Соло' → 'Декс Старран' (1 раз(а))
  🔄 Заменено: 'Хана' → 'Декса' (2 раз(а))
  🔄 Заменено: 'Хана Соло' → 'Декса Старрана' (1 раз(а))
  🔄 Заменено: 'Ханом' → 'Дексом' (3 раз(а))
  🔄 Заменено: 'Хану Соло' → 'Дексу Старрану' (1 раз(а))
  🔄 Заменено: 'Чубакка' → 'Чукчукка' (2 раз(а))
  🔄 Заменено: 'Чубакки' → 'Чукчукки' (1 раз(а))
  🔄 Заменено: 'Чубаккой' → 'Чукчуккой' (1 раз(а))
  🔄 Заменено: 'Энакин' → 'Аранис' (3 раз(а))
  🔄 Заменено: 'Энакина' → 'Араниса' (8 раз(а))
  🔄 Заменено: 'Энакина Скайуокера' → 'Араниса Виндстара' (1 раз(а))
  🔄 Заменено: 'Энакином' → 'Аранисом' (4 раз(а))
  🔄 Заменено: 'Энакину' → 'Аранису' (2 раз(а))
  🔄 Заменено: 'Эндор' → 'Телура' (1 раз(а))
  🔄 Заменено: 'Эндора' → 'Телуры' (1 раз(а))
  🔄 Заменено: 'Эндоре' → 'Телуре' (2 раз(а))
  🔄 Заменено: 'Явина' → 'Неймы' (1 раз(а))
  🔄 Заменено: 'Явине' → 'Нейме' (4 раз(а))
  🔄 Заменено: 'бластера' → 'квантомета' (1 раз(а))
  🔄 Заменено: 'джедае' → 'хранителе' (5 раз(а))
  🔄 Заменено: 'джедаем' → 'хранителем' (2 раз(а))
  🔄 Заменено: 'джедаи' → 'хранители' (1 раз(а))
  🔄 Заменено: 'джедай' → 'хранитель' (2 раз(а))
  🔄 Заменено: 'джедаю' → 'хранителю' (1 раз(а))
  🔄 Заменено: 'джедая' → 'хранителя' (4 раз(а))
  🔄 Заменено: 'дроид' → 'автоматон' (34 раз(а))
  🔄 Заменено: 'дроида' → 'автоматона' (21 раз(а))
  🔄 Заменено: 'дроидом' → 'автоматоном' (2 раз(а))
  🔄 Заменено: 'набу' → 'арно' (2 раз(а))
  🔄 Заменено: 'световой меч' → 'квантовый клинок' (1 раз(а))
  🔄 Заменено: 'силы' → 'эфира' (2 раз(а))
  🔄 Заменено: 'ситх' → 'особист' (2 раз(а))
  🔄 Заменено: 'эндора' → 'телуры' (1 раз(а))
  📊 Всего замен в файле: 371

📄 Файл: Битва_при_Эндоре.md → Битва_при_Телуре.md
  🔄 Заменено: 'A-Wing' → 'A-Staffel' (2 раз(а))
  🔄 Заменено: 'A-wing' → 'A-Staffel' (3 раз(а))
  🔄 Заменено: 'AT-AT' → 'ММ-123' (1 раз(а))
  🔄 Заменено: 'AT-ST' → 'КМ-99' (10 раз(а))
  🔄 Заменено: 'B-wing' → 'B-Staffel' (1 раз(а))
  🔄 Заменено: 'C-3PO' → 'PROMT-3' (2 раз(а))
  🔄 Заменено: 'R2-D2' → 'KUBER-77' (2 раз(а))
  🔄 Заменено: 'X-wing' → 'X-Staffel' (2 раз(а))
  🔄 Заменено: 'Y-wing' → 'Y-Staffel' (2 раз(а))
  🔄 Заменено: 'Галактической Империи' → 'Империи Вечного Порядка' (1 раз(а))
  🔄 Заменено: 'Галактической гражданской войны' → 'Войны за Наследие Империи' (2 раз(а))
  🔄 Заменено: 'Галактическую Республику' → 'Республику Света' (1 раз(а))
  🔄 Заменено: 'Дарт Вейдер' → 'Лорд Вейнос' (2 раз(а))
  🔄 Заменено: 'Дарта Вейдера' → 'Лорда Вейноса' (2 раз(а))
  🔄 Заменено: 'Дартом Вейдером' → 'Лордом Вейносом' (1 раз(а))
  🔄 Заменено: 'Дарту Вейдеру' → 'Лорду Вейносу' (1 раз(а))
  🔄 Заменено: 'Дуку' → 'Тираксу' (2 раз(а))
  🔄 Заменено: 'Звезда Смерти' → 'Сфера Аннигиляции' (5 раз(а))
  🔄 Заменено: 'Звезде Смерти' → 'Сфере Аннигиляции' (2 раз(а))
  🔄 Заменено: 'Звездой Смерти' → 'Сферой Аннигиляции' (3 раз(а))
  🔄 Заменено: 'Звезду Смерти' → 'Сферу Аннигиляции' (4 раз(а))
  🔄 Заменено: 'Звезды Смерти' → 'Сферы Аннигиляции' (21 раз(а))
  🔄 Заменено: 'Звезды смерти' → 'Сферы Аннигиляции' (1 раз(а))
  🔄 Заменено: 'Йоды' → 'Дегрея' (1 раз(а))
  🔄 Заменено: 'Кашиике' → 'Вердене' (1 раз(а))
  🔄 Заменено: 'Корусант' → 'Просперо' (1 раз(а))
  🔄 Заменено: 'Корусанта' → 'Просперо' (1 раз(а))
  🔄 Заменено: 'Лея' → 'Карина' (1 раз(а))
  🔄 Заменено: 'Лея Органа' → 'Карина Вальс' (2 раз(а))
  🔄 Заменено: 'Люк' → 'Кейл' (7 раз(а))
  🔄 Заменено: 'Люка' → 'Кейла' (4 раз(а))
  🔄 Заменено: 'Набу' → 'Арно' (2 раз(а))
  🔄 Заменено: 'Оби-Вана Кеноби' → 'Тораса Делла' (1 раз(а))
  🔄 Заменено: 'Палпатин' → 'Малкор' (10 раз(а))
  🔄 Заменено: 'Палпатина' → 'Малкора' (6 раз(а))
  🔄 Заменено: 'Палпатином' → 'Малкором' (2 раз(а))
  🔄 Заменено: 'Рен' → 'Солус' (1 раз(а))
  🔄 Заменено: 'Сила' → 'Эфир' (2 раз(а))
  🔄 Заменено: 'Силу' → 'Эфир' (1 раз(а))
  🔄 Заменено: 'Силы' → 'Эфира' (4 раз(а))
  🔄 Заменено: 'Скайуокер' → 'Виндстар' (4 раз(а))
  🔄 Заменено: 'Скайуокера' → 'Виндстара' (2 раз(а))
  🔄 Заменено: 'Соло' → 'Старран' (4 раз(а))
  🔄 Заменено: 'Татуина' → 'Дюнария' (1 раз(а))
  🔄 Заменено: 'Татуине' → 'Дюнарии' (1 раз(а))
  🔄 Заменено: 'Тысячелетний сокол' → 'Столетний сокол' (3 раз(а))
  🔄 Заменено: 'Тысячелетним соколом' → 'Столетним соколом' (1 раз(а))
  🔄 Заменено: 'Хан Соло' → 'Декс Старран' (2 раз(а))
  🔄 Заменено: 'Хана Соло' → 'Декса Старрана' (1 раз(а))
  🔄 Заменено: 'Хану' → 'Дексу' (1 раз(а))
  🔄 Заменено: 'Хану Соло' → 'Дексу Старрану' (1 раз(а))
  🔄 Заменено: 'Чубакка' → 'Чукчукка' (5 раз(а))
  🔄 Заменено: 'Чубакки' → 'Чукчукки' (1 раз(а))
  🔄 Заменено: 'Энакин' → 'Аранис' (1 раз(а))
  🔄 Заменено: 'Энакин Скайуокер' → 'Аранис Виндстар' (2 раз(а))
  🔄 Заменено: 'Энакина Скайуокера' → 'Араниса Виндстара' (3 раз(а))
  🔄 Заменено: 'Эндор' → 'Телура' (7 раз(а))
  🔄 Заменено: 'Эндора' → 'Телуры' (13 раз(а))
  🔄 Заменено: 'Эндоре' → 'Телуре' (1 раз(а))
  🔄 Заменено: 'Эндору' → 'Телуре' (1 раз(а))
  🔄 Заменено: 'Явине' → 'Нейме' (1 раз(а))
  🔄 Заменено: 'галактической империи' → 'империи Вечного Порядка' (1 раз(а))
  🔄 Заменено: 'джедае' → 'хранителе' (1 раз(а))
  🔄 Заменено: 'джедаем' → 'хранителем' (1 раз(а))
  🔄 Заменено: 'джедая' → 'хранителя' (2 раз(а))
  🔄 Заменено: 'дроид' → 'автоматон' (4 раз(а))
  🔄 Заменено: 'дроида' → 'автоматона' (3 раз(а))
  🔄 Заменено: 'звёздный разрушитель' → 'линейный крейсер' (1 раз(а))
  🔄 Заменено: 'комлинк' → 'радиоканал' (1 раз(а))
  🔄 Заменено: 'силе' → 'эфире' (1 раз(а))
  🔄 Заменено: 'силу' → 'эфир' (1 раз(а))
  🔄 Заменено: 'силы' → 'эфира' (3 раз(а))
  🔄 Заменено: 'ситх' → 'особист' (1 раз(а))
  🔄 Заменено: 'ситхом' → 'особистом' (1 раз(а))
  🔄 Заменено: 'тёмную сторону' → 'туман' (1 раз(а))
  📊 Всего замен в файле: 198

📄 Файл: Хан_Соло.md → Декс_Старран.md
  🔄 Заменено: 'C-3PO' → 'PROMT-3' (3 раз(а))
  🔄 Заменено: 'R2-D2' → 'KUBER-77' (2 раз(а))
  🔄 Заменено: 'Боба Фетт' → 'Гарн Тралл' (4 раз(а))
  🔄 Заменено: 'Бобе Фетту' → 'Гарну Траллу' (1 раз(а))
  🔄 Заменено: 'Бобы Фетта' → 'Гарна Тралла' (2 раз(а))
  🔄 Заменено: 'Войны клонов' → 'Генетические войны' (1 раз(а))
  🔄 Заменено: 'Галактической Республики' → 'Республики Света' (1 раз(а))
  🔄 Заменено: 'Галактическую Империю' → 'Империю Вечного Порядка' (1 раз(а))
  🔄 Заменено: 'Дарт Вейдер' → 'Лорд Вейнос' (2 раз(а))
  🔄 Заменено: 'Дарта Вейдера' → 'Лорда Вейноса' (3 раз(а))
  🔄 Заменено: 'Дарту Вейдеру' → 'Лорду Вейносу' (1 раз(а))
  🔄 Заменено: 'Джабба' → 'Слизгар' (2 раз(а))
  🔄 Заменено: 'Джаббе' → 'Слизгар' (3 раз(а))
  🔄 Заменено: 'Джаббе Хатту' → 'Слизгар Лорду' (2 раз(а))
  🔄 Заменено: 'Джаббой' → 'Слизгар' (3 раз(а))
  🔄 Заменено: 'Джаббы' → 'Слизгар' (6 раз(а))
  🔄 Заменено: 'Джаббы Хатта' → 'Слизгар Лорда' (1 раз(а))
  🔄 Заменено: 'Звездой Смерти' → 'Сферой Аннигиляции' (1 раз(а))
  🔄 Заменено: 'Звезду Смерти' → 'Сферу Аннигиляции' (1 раз(а))
  🔄 Заменено: 'Звезды Смерти' → 'Сферы Аннигиляции' (6 раз(а))
  🔄 Заменено: 'Кашиик' → 'Верден' (4 раз(а))
  🔄 Заменено: 'Кашиику' → 'Вердену' (1 раз(а))
  🔄 Заменено: 'Кеноби' → 'Делл' (3 раз(а))
  🔄 Заменено: 'Коди' → 'Тедди' (2 раз(а))
  🔄 Заменено: 'Корусант' → 'Просперо' (6 раз(а))
  🔄 Заменено: 'Корусанта' → 'Просперо' (2 раз(а))
  🔄 Заменено: 'Корусанте' → 'Просперо' (4 раз(а))
  🔄 Заменено: 'Лее Органе' → 'Карине Вальс' (3 раз(а))
  🔄 Заменено: 'Леей' → 'Кариной' (8 раз(а))
  🔄 Заменено: 'Леи' → 'Карины' (8 раз(а))
  🔄 Заменено: 'Лею' → 'Карину' (12 раз(а))
  🔄 Заменено: 'Лею Органу' → 'Карину Вальс' (1 раз(а))
  🔄 Заменено: 'Лея' → 'Карина' (41 раз(а))
  🔄 Заменено: 'Лея Органа' → 'Карина Вальс' (2 раз(а))
  🔄 Заменено: 'Лея органа' → 'Карина Вальс' (1 раз(а))
  🔄 Заменено: 'Люк' → 'Кейл' (11 раз(а))
  🔄 Заменено: 'Люка' → 'Кейла' (13 раз(а))
  🔄 Заменено: 'Люке' → 'Кейле' (1 раз(а))
  🔄 Заменено: 'Люком' → 'Кейлом' (3 раз(а))
  🔄 Заменено: 'Люку' → 'Кейлу' (2 раз(а))
  🔄 Заменено: 'Оби-Ван' → 'Торас' (2 раз(а))
  🔄 Заменено: 'Оби-Ван Кеноби' → 'Торас Делл' (1 раз(а))
  🔄 Заменено: 'Оби-Вана Кеноби' → 'Тораса Делла' (1 раз(а))
  🔄 Заменено: 'Орден джедаев' → 'Орден Хранителей' (2 раз(а))
  🔄 Заменено: 'Ордена джедаев' → 'Ордена Хранителей' (1 раз(а))
  🔄 Заменено: 'Орденом джедаев' → 'Орденом Хранителей' (1 раз(а))
  🔄 Заменено: 'Палпатина' → 'Малкора' (3 раз(а))
  🔄 Заменено: 'Повстанческого Альянса' → 'Сопротивления Свободы' (1 раз(а))
  🔄 Заменено: 'Силе' → 'Эфире' (2 раз(а))
  🔄 Заменено: 'Силой' → 'Эфиром' (1 раз(а))
  🔄 Заменено: 'Силу' → 'Эфир' (1 раз(а))
  🔄 Заменено: 'Силы' → 'Эфира' (4 раз(а))
  🔄 Заменено: 'Скайуокер' → 'Виндстар' (7 раз(а))
  🔄 Заменено: 'Скайуокера' → 'Виндстара' (9 раз(а))
  🔄 Заменено: 'Скайуокером' → 'Виндстаром' (2 раз(а))
  🔄 Заменено: 'Скайуокеру' → 'Виндстару' (1 раз(а))
  🔄 Заменено: 'Соло' → 'Старран' (90 раз(а))
  🔄 Заменено: 'Татуин' → 'Дюнарий' (4 раз(а))
  🔄 Заменено: 'Татуина' → 'Дюнария' (2 раз(а))
  🔄 Заменено: 'Татуине' → 'Дюнарии' (5 раз(а))
  🔄 Заменено: 'Тысячелетнего сокола' → 'Столетнего сокола' (2 раз(а))
  🔄 Заменено: 'Тысячелетнем соколе' → 'Столетнем соколе' (3 раз(а))
  🔄 Заменено: 'Тысячелетнему соколу' → 'Столетнему соколу' (1 раз(а))
  🔄 Заменено: 'Тысячелетний Сокол' → 'Столетний сокол' (1 раз(а))
  🔄 Заменено: 'Тысячелетний сокол' → 'Столетний сокол' (8 раз(а))
  🔄 Заменено: 'Тёмную сторону' → 'Туман' (1 раз(а))
  🔄 Заменено: 'Хан' → 'Декс' (162 раз(а))
  🔄 Заменено: 'Хан Соло' → 'Декс Старран' (41 раз(а))
  🔄 Заменено: 'Хана' → 'Декса' (42 раз(а))
  🔄 Заменено: 'Хана Соло' → 'Декса Старрана' (12 раз(а))
  🔄 Заменено: 'Хане' → 'Дексе' (1 раз(а))
  🔄 Заменено: 'Ханом' → 'Дексом' (4 раз(а))
  🔄 Заменено: 'Хану' → 'Дексу' (14 раз(а))
  🔄 Заменено: 'Хану Соло' → 'Дексу Старрану' (1 раз(а))
  🔄 Заменено: 'Чубакка' → 'Чукчукка' (15 раз(а))
  🔄 Заменено: 'Чубакке' → 'Чукчукке' (2 раз(а))
  🔄 Заменено: 'Чубакки' → 'Чукчукки' (10 раз(а))
  🔄 Заменено: 'Чубаккой' → 'Чукчуккой' (3 раз(а))
  🔄 Заменено: 'Чуи' → 'Чуки' (13 раз(а))
  🔄 Заменено: 'Энакин' → 'Аранис' (5 раз(а))
  🔄 Заменено: 'Энакина' → 'Араниса' (6 раз(а))
  🔄 Заменено: 'Энакина Скайуокера' → 'Араниса Виндстара' (1 раз(а))
  🔄 Заменено: 'Энакином' → 'Аранисом' (1 раз(а))
  🔄 Заменено: 'Энакином Скайуокером' → 'Аранисом Виндстаром' (1 раз(а))
  🔄 Заменено: 'Эндора' → 'Телуры' (1 раз(а))
  🔄 Заменено: 'Эндоре' → 'Телуре' (2 раз(а))
  🔄 Заменено: 'Явина' → 'Неймы' (1 раз(а))
  🔄 Заменено: 'Явине' → 'Нейме' (4 раз(а))
  🔄 Заменено: 'бластер' → 'квантомет' (3 раз(а))
  🔄 Заменено: 'бластера' → 'квантомета' (2 раз(а))
  🔄 Заменено: 'бластером' → 'квантометом' (1 раз(а))
  🔄 Заменено: 'галактической гражданской войны' → 'войны за Наследие Империи' (1 раз(а))
  🔄 Заменено: 'джедае' → 'хранителе' (12 раз(а))
  🔄 Заменено: 'джедаи' → 'хранители' (2 раз(а))
  🔄 Заменено: 'джедай' → 'хранитель' (1 раз(а))
  🔄 Заменено: 'джедаю' → 'хранителю' (1 раз(а))
  🔄 Заменено: 'джедая' → 'хранителя' (4 раз(а))
  🔄 Заменено: 'дроид' → 'автоматон' (2 раз(а))
  🔄 Заменено: 'дроиде' → 'автоматоне' (1 раз(а))
  🔄 Заменено: 'дроидом' → 'автоматоном' (1 раз(а))
  🔄 Заменено: 'звёздному разрушителю' → 'линейному крейсеру' (1 раз(а))
  🔄 Заменено: 'звёздный разрушитель' → 'линейный крейсер' (2 раз(а))
  🔄 Заменено: 'корусант' → 'просперо' (1 раз(а))
  🔄 Заменено: 'мандалор' → 'грозный' (5 раз(а))
  🔄 Заменено: 'рыцарем-джедаем' → 'хранителем' (2 раз(а))
  🔄 Заменено: 'силой' → 'эфиром' (1 раз(а))
  🔄 Заменено: 'силу' → 'эфир' (2 раз(а))
  🔄 Заменено: 'силы' → 'эфира' (2 раз(а))
  🔄 Заменено: 'ситх' → 'особист' (3 раз(а))
  🔄 Заменено: 'ситха' → 'особиста' (1 раз(а))
  🔄 Заменено: 'ситхом' → 'особистом' (1 раз(а))
  🔄 Заменено: 'тысячелетнего сокола' → 'столетнего сокола' (1 раз(а))
  🔄 Заменено: 'эндор' → 'телура' (1 раз(а))
  📊 Всего замен в файле: 726

📄 Файл: Кайбер-кристалл.md → Кайбер-батарейка.md
  🔄 Заменено: 'Войн клонов' → 'Генетических войн' (1 раз(а))
  🔄 Заменено: 'Галактической Империи' → 'Империи Вечного Порядка' (2 раз(а))
  🔄 Заменено: 'Галактической Республики' → 'Республики Света' (1 раз(а))
  🔄 Заменено: 'Дарт Сидиус' → 'Лорд Сириус' (1 раз(а))
  🔄 Заменено: 'Дарта Вейдера' → 'Лорда Вейноса' (1 раз(а))
  🔄 Заменено: 'Дарта Сидиуса' → 'Лорда Сириуса' (1 раз(а))
  🔄 Заменено: 'Джедаи' → 'Хранители' (1 раз(а))
  🔄 Заменено: 'Звезда Смерти' → 'Сфера Аннигиляции' (1 раз(а))
  🔄 Заменено: 'Звезды Смерти' → 'Сферы Аннигиляции' (3 раз(а))
  🔄 Заменено: 'Йода' → 'Дегрей' (1 раз(а))
  🔄 Заменено: 'Йоды' → 'Дегрея' (1 раз(а))
  🔄 Заменено: 'Кайбер- кристаллы' → 'Кайбер-батарейки' (1 раз(а))
  🔄 Заменено: 'Кайбер-кристалл' → 'Кайбер-батарейка' (7 раз(а))
  🔄 Заменено: 'Кайло' → 'Карро' (4 раз(а))
  🔄 Заменено: 'Корусанте' → 'Просперо' (1 раз(а))
  🔄 Заменено: 'Леи Органы' → 'Карины Вальс' (1 раз(а))
  🔄 Заменено: 'Лотала' → 'Орта' (1 раз(а))
  🔄 Заменено: 'Люка' → 'Кейла' (1 раз(а))
  🔄 Заменено: 'Мейса Винду' → 'Джорена Валя' (2 раз(а))
  🔄 Заменено: 'Оби-Ван Кеноби' → 'Торас Делл' (1 раз(а))
  🔄 Заменено: 'Оби-Вана Кеноби' → 'Тораса Делла' (1 раз(а))
  🔄 Заменено: 'Оби-Ваном Кеноби' → 'Торасом Деллом' (1 раз(а))
  🔄 Заменено: 'Орден джедаев' → 'Орден Хранителей' (1 раз(а))
  🔄 Заменено: 'Палпатин' → 'Малкор' (1 раз(а))
  🔄 Заменено: 'Первого ордена' → 'Стального Ордена' (1 раз(а))
  🔄 Заменено: 'Рен' → 'Солус' (1 раз(а))
  🔄 Заменено: 'Рена' → 'Солуса' (3 раз(а))
  🔄 Заменено: 'Рыцарь-джедай' → 'Хранитель' (1 раз(а))
  🔄 Заменено: 'Светлой стороной' → 'Сиянием' (2 раз(а))
  🔄 Заменено: 'Световой меч' → 'Квантовый клинок' (2 раз(а))
  🔄 Заменено: 'Силе' → 'Эфире' (2 раз(а))
  🔄 Заменено: 'Силой' → 'Эфиром' (1 раз(а))
  🔄 Заменено: 'Силы' → 'Эфира' (8 раз(а))
  🔄 Заменено: 'Скайуокер' → 'Виндстар' (3 раз(а))
  🔄 Заменено: 'Скайуокера' → 'Виндстара' (1 раз(а))
  🔄 Заменено: 'Тёмной стороны' → 'Тумана' (2 раз(а))
  🔄 Заменено: 'Энакин Скайуокер' → 'Аранис Виндстар' (2 раз(а))
  🔄 Заменено: 'Энакином Скайуокером' → 'Аранисом Виндстаром' (1 раз(а))
  🔄 Заменено: 'Эндоре' → 'Телуре' (1 раз(а))
  🔄 Заменено: 'Явине' → 'Нейме' (1 раз(а))
  🔄 Заменено: 'бластер' → 'квантомет' (1 раз(а))
  🔄 Заменено: 'джедае' → 'хранителе' (10 раз(а))
  🔄 Заменено: 'джедаем' → 'хранителем' (1 раз(а))
  🔄 Заменено: 'джедаи' → 'хранители' (7 раз(а))
  🔄 Заменено: 'джедай' → 'хранитель' (4 раз(а))
  🔄 Заменено: 'джедая' → 'хранителя' (3 раз(а))
  🔄 Заменено: 'дроид' → 'автоматон' (1 раз(а))
  🔄 Заменено: 'звёздного разрушителя' → 'линейного крейсера' (1 раз(а))
  🔄 Заменено: 'звёздный разрушитель' → 'линейный крейсер' (2 раз(а))
  🔄 Заменено: 'кайбер-кристалл' → 'кайбер-батарейка' (33 раз(а))
  🔄 Заменено: 'кайбер-кристалла' → 'кайбер-батарейки' (5 раз(а))
  🔄 Заменено: 'кайбер-кристаллом' → 'кайбер-батарейкой' (1 раз(а))
  🔄 Заменено: 'крайт' → 'фобос' (1 раз(а))
  🔄 Заменено: 'рыцарем-джедаем' → 'хранителем' (1 раз(а))
  🔄 Заменено: 'светового меча' → 'квантового клинка' (6 раз(а))
  🔄 Заменено: 'световой меч' → 'квантовый клинок' (2 раз(а))
  🔄 Заменено: 'световом мече' → 'квантовом клинке' (32 раз(а))
  🔄 Заменено: 'световые мечи' → 'квантовые клинки' (1 раз(а))
  🔄 Заменено: 'световых мечах' → 'квантовых клинках' (4 раз(а))
  🔄 Заменено: 'световых мечей' → 'квантовых клинков' (9 раз(а))
  🔄 Заменено: 'силу' → 'эфир' (1 раз(а))
  🔄 Заменено: 'ситх' → 'особист' (6 раз(а))
  🔄 Заменено: 'ситха' → 'особиста' (2 раз(а))
  📊 Всего замен в файле: 203

📄 Файл: Бластер.md → Квантомет.md
  🔄 Заменено: 'B-wing' → 'B-Staffel' (1 раз(а))
  🔄 Заменено: 'DH-17' → 'ПП-38' (1 раз(а))
  🔄 Заменено: 'E-11' → 'РП-89' (2 раз(а))
  🔄 Заменено: 'Бластер' → 'Квантомет' (10 раз(а))
  🔄 Заменено: 'Бобы Фетта' → 'Гарна Тралла' (1 раз(а))
  🔄 Заменено: 'Галактической Империи' → 'Империи Вечного Порядка' (2 раз(а))
  🔄 Заменено: 'Галактической Республики' → 'Республики Света' (1 раз(а))
  🔄 Заменено: 'Галактической гражданской войны' → 'Войны за Наследие Империи' (1 раз(а))
  🔄 Заменено: 'Дроид' → 'Автоматон' (1 раз(а))
  🔄 Заменено: 'Люка' → 'Кейла' (1 раз(а))
  🔄 Заменено: 'Скайуокера' → 'Виндстара' (1 раз(а))
  🔄 Заменено: 'Соло' → 'Старран' (1 раз(а))
  🔄 Заменено: 'Хана Соло' → 'Декса Старрана' (2 раз(а))
  🔄 Заменено: 'Эндор' → 'Телура' (1 раз(а))
  🔄 Заменено: 'бластер' → 'квантомет' (40 раз(а))
  🔄 Заменено: 'бластера' → 'квантомета' (11 раз(а))
  🔄 Заменено: 'бластере' → 'квантомете' (1 раз(а))
  🔄 Заменено: 'дроид' → 'автоматон' (3 раз(а))
  🔄 Заменено: 'дроида' → 'автоматона' (1 раз(а))
  📊 Всего замен в файле: 82

📄 Файл: Рей_Скайуокер.md → Рей_Виндстар.md
  🔄 Заменено: 'AT-AT' → 'ММ-123' (10 раз(а))
  🔄 Заменено: 'C-3PO' → 'PROMT-3' (2 раз(а))
  🔄 Заменено: 'E-11' → 'РП-89' (1 раз(а))
  🔄 Заменено: 'R2-D2' → 'KUBER-77' (5 раз(а))
  🔄 Заменено: 'X-wing' → 'X-Staffel' (2 раз(а))
  🔄 Заменено: 'Y-wing' → 'Y-Staffel' (2 раз(а))
  🔄 Заменено: 'Войн клонов' → 'Генетических войн' (1 раз(а))
  🔄 Заменено: 'Галактической Империи' → 'Империи Вечного Порядка' (3 раз(а))
  🔄 Заменено: 'Галактической гражданской войны' → 'Войны за Наследие Империи' (2 раз(а))
  🔄 Заменено: 'Дарта Вейдера' → 'Лорда Вейноса' (4 раз(а))
  🔄 Заменено: 'Дартом Вейдером' → 'Лордом Вейносом' (2 раз(а))
  🔄 Заменено: 'Дартом Сидиусом' → 'Лордом Сириусом' (2 раз(а))
  🔄 Заменено: 'Дарту Сидиусу' → 'Лорду Сириусу' (1 раз(а))
  🔄 Заменено: 'Дроид' → 'Автоматон' (2 раз(а))
  🔄 Заменено: 'Звезды Смерти' → 'Сферы Аннигиляции' (1 раз(а))
  🔄 Заменено: 'Йоду' → 'Дегрею' (1 раз(а))
  🔄 Заменено: 'Йоды' → 'Дегрея' (1 раз(а))
  🔄 Заменено: 'Кайло' → 'Карро' (51 раз(а))
  🔄 Заменено: 'Кеноби' → 'Делл' (1 раз(а))
  🔄 Заменено: 'Лее Органе' → 'Карине Вальс' (2 раз(а))
  🔄 Заменено: 'Леей' → 'Кариной' (1 раз(а))
  🔄 Заменено: 'Леи' → 'Карины' (6 раз(а))
  🔄 Заменено: 'Леи Органы' → 'Карины Вальс' (2 раз(а))
  🔄 Заменено: 'Лею' → 'Карину' (1 раз(а))
  🔄 Заменено: 'Лея' → 'Карина' (4 раз(а))
  🔄 Заменено: 'Лея Органа' → 'Карина Вальс' (1 раз(а))
  🔄 Заменено: 'Люк' → 'Кейл' (6 раз(а))
  🔄 Заменено: 'Люка' → 'Кейла' (19 раз(а))
  🔄 Заменено: 'Люку' → 'Кейлу' (6 раз(а))
  🔄 Заменено: 'Мейса Винду' → 'Джорена Валя' (1 раз(а))
  🔄 Заменено: 'Оби-Вана Кеноби' → 'Тораса Делла' (2 раз(а))
  🔄 Заменено: 'Орден джедаев' → 'Орден Хранителей' (1 раз(а))
  🔄 Заменено: 'Ордена джедаев' → 'Ордена Хранителей' (1 раз(а))
  🔄 Заменено: 'Палпатин' → 'Малкор' (3 раз(а))
  🔄 Заменено: 'Палпатина' → 'Малкора' (3 раз(а))
  🔄 Заменено: 'Первого Ордена' → 'Стального Ордена' (6 раз(а))
  🔄 Заменено: 'Первого ордена' → 'Стального Ордена' (17 раз(а))
  🔄 Заменено: 'Первом ордене' → 'Стальном Ордене' (1 раз(а))
  🔄 Заменено: 'Первому ордену' → 'Стальному Ордену' (1 раз(а))
  🔄 Заменено: 'Первый орден' → 'Стальной Орден' (1 раз(а))
  🔄 Заменено: 'Первым орденом' → 'Стальным Орденом' (7 раз(а))
  🔄 Заменено: 'Рен' → 'Солус' (44 раз(а))
  🔄 Заменено: 'Рена' → 'Солуса' (34 раз(а))
  🔄 Заменено: 'Реном' → 'Солусом' (14 раз(а))
  🔄 Заменено: 'Рену' → 'Солусу' (8 раз(а))
  🔄 Заменено: 'С-3РО' → 'PROMT-3' (5 раз(а))
  🔄 Заменено: 'Сила' → 'Эфир' (8 раз(а))
  🔄 Заменено: 'Силе' → 'Эфире' (13 раз(а))
  🔄 Заменено: 'Силой' → 'Эфиром' (10 раз(а))
  🔄 Заменено: 'Силу' → 'Эфир' (12 раз(а))
  🔄 Заменено: 'Силы' → 'Эфира' (27 раз(а))
  🔄 Заменено: 'Скайуокер' → 'Виндстар' (23 раз(а))
  🔄 Заменено: 'Скайуокера' → 'Виндстара' (36 раз(а))
  🔄 Заменено: 'Скайуокером' → 'Виндстаром' (2 раз(а))
  🔄 Заменено: 'Скайуокеру' → 'Виндстару' (7 раз(а))
  🔄 Заменено: 'Соло' → 'Старран' (41 раз(а))
  🔄 Заменено: 'Татуин' → 'Дюнарий' (1 раз(а))
  🔄 Заменено: 'Тысячелетнего сокола' → 'Столетнего сокола' (8 раз(а))
  🔄 Заменено: 'Тысячелетнем соколе' → 'Столетнем соколе' (2 раз(а))
  🔄 Заменено: 'Тысячелетнему соколу' → 'Столетнему соколу' (2 раз(а))
  🔄 Заменено: 'Тысячелетний Сокол' → 'Столетний сокол' (1 раз(а))
  🔄 Заменено: 'Тысячелетний сокол' → 'Столетний сокол' (8 раз(а))
  🔄 Заменено: 'Тысячелетним соколом' → 'Столетним соколом' (2 раз(а))
  🔄 Заменено: 'Тёмной стороной' → 'Туманом' (1 раз(а))
  🔄 Заменено: 'Тёмной стороны' → 'Тумана' (2 раз(а))
  🔄 Заменено: 'Тёмную сторону' → 'Туман' (3 раз(а))
  🔄 Заменено: 'Хан' → 'Декс' (6 раз(а))
  🔄 Заменено: 'Хан Соло' → 'Декс Старран' (4 раз(а))
  🔄 Заменено: 'Хана' → 'Декса' (2 раз(а))
  🔄 Заменено: 'Хана Соло' → 'Декса Старрана' (5 раз(а))
  🔄 Заменено: 'Ханом Соло' → 'Дексом Старраном' (2 раз(а))
  🔄 Заменено: 'Хану' → 'Дексу' (2 раз(а))
  🔄 Заменено: 'Хану Соло' → 'Дексу Старрану' (1 раз(а))
  🔄 Заменено: 'Чубакка' → 'Чукчукка' (14 раз(а))
  🔄 Заменено: 'Чубакке' → 'Чукчукке' (2 раз(а))
  🔄 Заменено: 'Чубакки' → 'Чукчукки' (4 раз(а))
  🔄 Заменено: 'Чубаккой' → 'Чукчуккой' (6 раз(а))
  🔄 Заменено: 'Энакина' → 'Араниса' (2 раз(а))
  🔄 Заменено: 'Энакином Скайуокером' → 'Аранисом Виндстаром' (1 раз(а))
  🔄 Заменено: 'Энакину Скайуокеру' → 'Аранису Виндстару' (1 раз(а))
  🔄 Заменено: 'Эндоре' → 'Телуре' (1 раз(а))
  🔄 Заменено: 'бластер' → 'квантомет' (5 раз(а))
  🔄 Заменено: 'бластера' → 'квантомета' (2 раз(а))
  🔄 Заменено: 'гипердвигатель' → 'синхродвигатель' (1 раз(а))
  🔄 Заменено: 'гипердвигателя' → 'синхродвигателя' (1 раз(а))
  🔄 Заменено: 'джедае' → 'хранителе' (12 раз(а))
  🔄 Заменено: 'джедаем' → 'хранителем' (2 раз(а))
  🔄 Заменено: 'джедаи' → 'хранители' (3 раз(а))
  🔄 Заменено: 'джедай' → 'хранитель' (14 раз(а))
  🔄 Заменено: 'джедая' → 'хранителя' (13 раз(а))
  🔄 Заменено: 'дроид' → 'автоматон' (7 раз(а))
  🔄 Заменено: 'дроида' → 'автоматона' (20 раз(а))
  🔄 Заменено: 'дроиде' → 'автоматоне' (2 раз(а))
  🔄 Заменено: 'дроидом' → 'автоматоном' (1 раз(а))
  🔄 Заменено: 'дроиду' → 'автоматону' (1 раз(а))
  🔄 Заменено: 'звёздного разрушителя' → 'линейного крейсера' (1 раз(а))
  🔄 Заменено: 'звёздный разрушитель' → 'линейный крейсер' (4 раз(а))
  🔄 Заменено: 'комлинк' → 'радиоканал' (2 раз(а))
  🔄 Заменено: 'комлинка' → 'радиоканала' (1 раз(а))
  🔄 Заменено: 'люк' → 'кейл' (1 раз(а))
  🔄 Заменено: 'рыцарю-джедаю' → 'хранителю' (1 раз(а))
  🔄 Заменено: 'светлой стороне' → 'сиянии' (1 раз(а))
  🔄 Заменено: 'светового меча' → 'квантового клинка' (4 раз(а))
  🔄 Заменено: 'световой меч' → 'квантовый клинок' (20 раз(а))
  🔄 Заменено: 'световые мечи' → 'квантовые клинки' (1 раз(а))
  🔄 Заменено: 'световым мечом' → 'квантовым клинком' (9 раз(а))
  🔄 Заменено: 'световыми мечами' → 'квантовыми клинками' (1 раз(а))
  🔄 Заменено: 'световых мечах' → 'квантовых клинках' (2 раз(а))
  🔄 Заменено: 'сила' → 'эфир' (5 раз(а))
  🔄 Заменено: 'силе' → 'эфире' (1 раз(а))
  🔄 Заменено: 'силой' → 'эфиром' (1 раз(а))
  🔄 Заменено: 'силу' → 'эфир' (2 раз(а))
  🔄 Заменено: 'силы' → 'эфира' (9 раз(а))
  🔄 Заменено: 'ситх' → 'особист' (14 раз(а))
  🔄 Заменено: 'скайуокера' → 'виндстара' (1 раз(а))
  🔄 Заменено: 'тысячелетнего сокола' → 'столетнего сокола' (1 раз(а))
  🔄 Заменено: 'тёмной стороне' → 'тумане' (1 раз(а))
  🔄 Заменено: 'тёмной стороны' → 'тумана' (3 раз(а))
  🔄 Заменено: 'тёмную сторону' → 'туман' (2 раз(а))
  🔄 Заменено: 'ханом соло' → 'дексом Старраном' (1 раз(а))
  📊 Всего замен в файле: 726

📄 Файл: Йода.md → Дегрей.md
  🔄 Заменено: 'R2-D2' → 'KUBER-77' (1 раз(а))
  🔄 Заменено: 'Амидала' → 'Астра' (2 раз(а))
  🔄 Заменено: 'Амидалу' → 'Астру' (1 раз(а))
  🔄 Заменено: 'Армия клонов' → 'Генетические легионы' (1 раз(а))
  🔄 Заменено: 'Войн клонов' → 'Генетических войн' (3 раз(а))
  🔄 Заменено: 'Войны клонов' → 'Генетические войны' (1 раз(а))
  🔄 Заменено: 'Галактической Империи' → 'Империи Вечного Порядка' (2 раз(а))
  🔄 Заменено: 'Галактической Республике' → 'Республике Света' (1 раз(а))
  🔄 Заменено: 'Галактической Республики' → 'Республики Света' (1 раз(а))
  🔄 Заменено: 'Дагоба' → 'Ио' (11 раз(а))
  🔄 Заменено: 'Дарт Вейдер' → 'Лорд Вейнос' (1 раз(а))
  🔄 Заменено: 'Дарт Сидиус' → 'Лорд Сириус' (1 раз(а))
  🔄 Заменено: 'Дарта Вейдера' → 'Лорда Вейноса' (6 раз(а))
  🔄 Заменено: 'Дарта Сидиуса' → 'Лорда Сириуса' (1 раз(а))
  🔄 Заменено: 'Дарте Сидиусе' → 'Лорде Сириусе' (1 раз(а))
  🔄 Заменено: 'Дартом Вейдером' → 'Лордом Вейносом' (2 раз(а))
  🔄 Заменено: 'Дартом Сидиусом' → 'Лордом Сириусом' (2 раз(а))
  🔄 Заменено: 'Джаббе' → 'Слизгар' (2 раз(а))
  🔄 Заменено: 'Джаббы' → 'Слизгар' (1 раз(а))
  🔄 Заменено: 'Джаббы Хатта' → 'Слизгар Лорда' (1 раз(а))
  🔄 Заменено: 'Джедаи' → 'Хранители' (3 раз(а))
  🔄 Заменено: 'Джедай' → 'Хранитель' (2 раз(а))
  🔄 Заменено: 'Джеонозис' → 'Феррум' (3 раз(а))
  🔄 Заменено: 'Джеонозиса' → 'Феррума' (1 раз(а))
  🔄 Заменено: 'Джеонозисе' → 'Ферруме' (5 раз(а))
  🔄 Заменено: 'Дроид' → 'Автоматон' (1 раз(а))
  🔄 Заменено: 'Дуку' → 'Тираксу' (31 раз(а))
  🔄 Заменено: 'Звезды Смерти' → 'Сферы Аннигиляции' (2 раз(а))
  🔄 Заменено: 'Йода' → 'Дегрей' (146 раз(а))
  🔄 Заменено: 'Йоде' → 'Дегрее' (12 раз(а))
  🔄 Заменено: 'Йодой' → 'Дегреем' (6 раз(а))
  🔄 Заменено: 'Йоду' → 'Дегрею' (13 раз(а))
  🔄 Заменено: 'Йоды' → 'Дегрея' (28 раз(а))
  🔄 Заменено: 'Кашиике' → 'Вердене' (2 раз(а))
  🔄 Заменено: 'Квай-Гон Джинн' → 'Квай-Гон Терр' (1 раз(а))
  🔄 Заменено: 'Кеноби' → 'Делл' (9 раз(а))
  🔄 Заменено: 'Корусант' → 'Просперо' (3 раз(а))
  🔄 Заменено: 'Корусанта' → 'Просперо' (1 раз(а))
  🔄 Заменено: 'Корусанте' → 'Просперо' (4 раз(а))
  🔄 Заменено: 'Леей' → 'Кариной' (3 раз(а))
  🔄 Заменено: 'Леи' → 'Карины' (1 раз(а))
  🔄 Заменено: 'Лея' → 'Карина' (2 раз(а))
  🔄 Заменено: 'Лея Органа' → 'Карина Вальс' (2 раз(а))
  🔄 Заменено: 'Люк' → 'Кейл' (18 раз(а))
  🔄 Заменено: 'Люка' → 'Кейла' (9 раз(а))
  🔄 Заменено: 'Люке' → 'Кейле' (1 раз(а))
  🔄 Заменено: 'Люком' → 'Кейлом' (1 раз(а))
  🔄 Заменено: 'Люку' → 'Кейлу' (2 раз(а))
  🔄 Заменено: 'Мейс Винду' → 'Джорен Валь' (4 раз(а))
  🔄 Заменено: 'Мейса Винду' → 'Джорена Валя' (3 раз(а))
  🔄 Заменено: 'Мейсом Винду' → 'Джореном Валем' (1 раз(а))
  🔄 Заменено: 'Мейсу Винду' → 'Джорену Валю' (1 раз(а))
  🔄 Заменено: 'Набу' → 'Арно' (5 раз(а))
  🔄 Заменено: 'Оби-Ван' → 'Торас' (23 раз(а))
  🔄 Заменено: 'Оби-Ван Кеноби' → 'Торас Делл' (5 раз(а))
  🔄 Заменено: 'Оби-Вана Кеноби' → 'Тораса Делла' (6 раз(а))
  🔄 Заменено: 'Оби-Вану Кеноби' → 'Торасу Деллу' (1 раз(а))
  🔄 Заменено: 'Орден джедаев' → 'Орден Хранителей' (2 раз(а))
  🔄 Заменено: 'Ордена джедаев' → 'Ордена Хранителей' (4 раз(а))
  🔄 Заменено: 'Ордене джедаев' → 'Ордене Хранителей' (1 раз(а))
  🔄 Заменено: 'Орденом джедаев' → 'Орденом Хранителей' (2 раз(а))
  🔄 Заменено: 'Падме Амидалой' → 'Падме Астрой' (1 раз(а))
  🔄 Заменено: 'Падме Амидалу' → 'Падме Астру' (1 раз(а))
  🔄 Заменено: 'Падме Амидалы' → 'Падме Астры' (2 раз(а))
  🔄 Заменено: 'Палпатин' → 'Малкор' (8 раз(а))
  🔄 Заменено: 'Палпатина' → 'Малкора' (8 раз(а))
  🔄 Заменено: 'Палпатином' → 'Малкором' (5 раз(а))
  🔄 Заменено: 'Палпатину' → 'Малкору' (2 раз(а))
  🔄 Заменено: 'Повстанческого Альянса' → 'Сопротивления Свободы' (1 раз(а))
  🔄 Заменено: 'Светлой стороне' → 'Сиянии' (1 раз(а))
  🔄 Заменено: 'Светлую сторону' → 'Сияние' (2 раз(а))
  🔄 Заменено: 'Сила' → 'Эфир' (1 раз(а))
  🔄 Заменено: 'Силе' → 'Эфире' (14 раз(а))
  🔄 Заменено: 'Силой' → 'Эфиром' (4 раз(а))
  🔄 Заменено: 'Силу' → 'Эфир' (6 раз(а))
  🔄 Заменено: 'Силы' → 'Эфира' (25 раз(а))
  🔄 Заменено: 'Скайуокер' → 'Виндстар' (4 раз(а))
  🔄 Заменено: 'Скайуокера' → 'Виндстара' (5 раз(а))
  🔄 Заменено: 'Скайуокере' → 'Виндстаре' (1 раз(а))
  🔄 Заменено: 'Скайуокером' → 'Виндстаром' (1 раз(а))
  🔄 Заменено: 'Соло' → 'Старран' (1 раз(а))
  🔄 Заменено: 'Татуин' → 'Дюнарий' (1 раз(а))
  🔄 Заменено: 'Татуина' → 'Дюнария' (1 раз(а))
  🔄 Заменено: 'Торговой Федерации' → 'Торговом союзе' (1 раз(а))
  🔄 Заменено: 'Тёмной стороне' → 'Тумане' (2 раз(а))
  🔄 Заменено: 'Тёмной стороной' → 'Туманом' (1 раз(а))
  🔄 Заменено: 'Тёмной стороны' → 'Тумана' (7 раз(а))
  🔄 Заменено: 'Тёмную сторону' → 'Туман' (8 раз(а))
  🔄 Заменено: 'Чубакке' → 'Чукчукке' (1 раз(а))
  🔄 Заменено: 'Чубакки' → 'Чукчукки' (1 раз(а))
  🔄 Заменено: 'Энакин' → 'Аранис' (9 раз(а))
  🔄 Заменено: 'Энакин Скайуокер' → 'Аранис Виндстар' (3 раз(а))
  🔄 Заменено: 'Энакина' → 'Араниса' (9 раз(а))
  🔄 Заменено: 'Энакина Скайуокера' → 'Араниса Виндстара' (4 раз(а))
  🔄 Заменено: 'Энакином' → 'Аранисом' (2 раз(а))
  🔄 Заменено: 'Энакином Скайуокером' → 'Аранисом Виндстаром' (4 раз(а))
  🔄 Заменено: 'Энакину' → 'Аранису' (3 раз(а))
  🔄 Заменено: 'Энакину Скайуокеру' → 'Аранису Виндстару' (1 раз(а))
  🔄 Заменено: 'Явине' → 'Нейме' (2 раз(а))
  🔄 Заменено: 'амидалу' → 'астру' (1 раз(а))
  🔄 Заменено: 'армии клонов' → 'генетических легионах' (2 раз(а))
  🔄 Заменено: 'армию клонов' → 'генетические легионы' (1 раз(а))
  🔄 Заменено: 'бластер' → 'квантомет' (1 раз(а))
  🔄 Заменено: 'голопроектору' → 'голограммному передатчику' (1 раз(а))
  🔄 Заменено: 'джаббы хатта' → 'слизгар Лорда' (1 раз(а))
  🔄 Заменено: 'джедае' → 'хранителе' (39 раз(а))
  🔄 Заменено: 'джедаем' → 'хранителем' (9 раз(а))
  🔄 Заменено: 'джедаи' → 'хранители' (9 раз(а))
  🔄 Заменено: 'джедай' → 'хранитель' (23 раз(а))
  🔄 Заменено: 'джедаю' → 'хранителю' (2 раз(а))
  🔄 Заменено: 'джедая' → 'хранителя' (18 раз(а))
  🔄 Заменено: 'джеонозисе' → 'ферруме' (1 раз(а))
  🔄 Заменено: 'дроид' → 'автоматон' (15 раз(а))
  🔄 Заменено: 'дроида' → 'автоматона' (5 раз(а))
  🔄 Заменено: 'мандалор' → 'грозный' (1 раз(а))
  🔄 Заменено: 'мидихлорианами' → 'нейросинхронизаторами' (1 раз(а))
  🔄 Заменено: 'набу' → 'арно' (1 раз(а))
  🔄 Заменено: 'палпатином' → 'малкором' (1 раз(а))
  🔄 Заменено: 'рыцарем-джедаем' → 'хранителем' (1 раз(а))
  🔄 Заменено: 'рыцарю-джедаю' → 'хранителю' (1 раз(а))
  🔄 Заменено: 'рыцаря-джедая' → 'хранителя' (2 раз(а))
  🔄 Заменено: 'светового меча' → 'квантового клинка' (1 раз(а))
  🔄 Заменено: 'световой меч' → 'квантовый клинок' (4 раз(а))
  🔄 Заменено: 'световым мечом' → 'квантовым клинком' (7 раз(а))
  🔄 Заменено: 'световыми мечами' → 'квантовыми клинками' (1 раз(а))
  🔄 Заменено: 'световых мечах' → 'квантовых клинках' (3 раз(а))
  🔄 Заменено: 'сила' → 'эфир' (4 раз(а))
  🔄 Заменено: 'силу' → 'эфир' (1 раз(а))
  🔄 Заменено: 'силы' → 'эфира' (4 раз(а))
  🔄 Заменено: 'ситх' → 'особист' (16 раз(а))
  🔄 Заменено: 'ситха' → 'особиста' (2 раз(а))
  🔄 Заменено: 'скайуокер' → 'виндстар' (1 раз(а))
  📊 Всего замен в файле: 745

📄 Файл: C-3PO.md → PROMT-3.md
  🔄 Заменено: '3PO' → 'pROMT-3' (27 раз(а))
  🔄 Заменено: 'C-3PO' → 'PROMT-3' (108 раз(а))
  🔄 Заменено: 'C-3PО' → 'PROMT-3' (3 раз(а))
  🔄 Заменено: 'R2' → 'KUB77' (51 раз(а))
  🔄 Заменено: 'R2-D2' → 'KUBER-77' (54 раз(а))
  🔄 Заменено: 'Амидала' → 'Астра' (4 раз(а))
  🔄 Заменено: 'Войн клонов' → 'Генетических войн' (3 раз(а))
  🔄 Заменено: 'Войнам клонов' → 'Генетическим войнам' (1 раз(а))
  🔄 Заменено: 'Галактической Республики' → 'Республики Света' (1 раз(а))
  🔄 Заменено: 'Галактической Республикой' → 'Республикой Света' (1 раз(а))
  🔄 Заменено: 'Гривус' → 'Кракен' (3 раз(а))
  🔄 Заменено: 'Гривуса' → 'Кракена' (3 раз(а))
  🔄 Заменено: 'Гривусом' → 'Кракеном' (1 раз(а))
  🔄 Заменено: 'Гривусу' → 'Кракену' (1 раз(а))
  🔄 Заменено: 'Дарт Вейдер' → 'Лорд Вейнос' (1 раз(а))
  🔄 Заменено: 'Дарт Сидиус' → 'Лорд Сириус' (2 раз(а))
  🔄 Заменено: 'Джа-Джа Бинкс' → 'Зог-Зог' (5 раз(а))
  🔄 Заменено: 'Джа-Джа Бинксом' → 'Зог-Зогом' (1 раз(а))
  🔄 Заменено: 'Джаббы' → 'Слизгар' (1 раз(а))
  🔄 Заменено: 'Джаббы Хатта' → 'Слизгар Лорда' (1 раз(а))
  🔄 Заменено: 'Джеонозис' → 'Феррум' (2 раз(а))
  🔄 Заменено: 'Джеонозисе' → 'Ферруме' (1 раз(а))
  🔄 Заменено: 'Дроид' → 'Автоматон' (32 раз(а))
  🔄 Заменено: 'Дроида' → 'Автоматона' (1 раз(а))
  🔄 Заменено: 'Дуку' → 'Тираксу' (7 раз(а))
  🔄 Заменено: 'Йода' → 'Дегрей' (6 раз(а))
  🔄 Заменено: 'Йодой' → 'Дегреем' (1 раз(а))
  🔄 Заменено: 'Квай-Гон Джинн' → 'Квай-Гон Терр' (1 раз(а))
  🔄 Заменено: 'Кеноби' → 'Делл' (11 раз(а))
  🔄 Заменено: 'Корусант' → 'Просперо' (6 раз(а))
  🔄 Заменено: 'Корусанта' → 'Просперо' (2 раз(а))
  🔄 Заменено: 'Корусанте' → 'Просперо' (2 раз(а))
  🔄 Заменено: 'Леи' → 'Карины' (1 раз(а))
  🔄 Заменено: 'Лею' → 'Карину' (2 раз(а))
  🔄 Заменено: 'Люка' → 'Кейла' (2 раз(а))
  🔄 Заменено: 'Мандалор' → 'Грозный' (1 раз(а))
  🔄 Заменено: 'Мейсу Винду' → 'Джорену Валю' (1 раз(а))
  🔄 Заменено: 'Набу' → 'Арно' (9 раз(а))
  🔄 Заменено: 'Оби-Ван' → 'Торас' (7 раз(а))
  🔄 Заменено: 'Оби-Вана Кеноби' → 'Тораса Делла' (1 раз(а))
  🔄 Заменено: 'Оби-Ваном Кеноби' → 'Торасом Деллом' (1 раз(а))
  🔄 Заменено: 'Орденом джедаев' → 'Орденом Хранителей' (1 раз(а))
  🔄 Заменено: 'Падме Амидала' → 'Падме Астра' (5 раз(а))
  🔄 Заменено: 'Падме Амидалой' → 'Падме Астрой' (1 раз(а))
  🔄 Заменено: 'Палпатин' → 'Малкор' (4 раз(а))
  🔄 Заменено: 'Палпатина' → 'Малкора' (8 раз(а))
  🔄 Заменено: 'Палпатином' → 'Малкором' (2 раз(а))
  🔄 Заменено: 'Палпатину' → 'Малкору' (2 раз(а))
  🔄 Заменено: 'С-3РО' → 'PROMT-3' (26 раз(а))
  🔄 Заменено: 'Световым мечом' → 'Квантовым клинком' (1 раз(а))
  🔄 Заменено: 'Силой' → 'Эфиром' (3 раз(а))
  🔄 Заменено: 'Силу' → 'Эфир' (1 раз(а))
  🔄 Заменено: 'Силы' → 'Эфира' (2 раз(а))
  🔄 Заменено: 'Скайуокер' → 'Виндстар' (15 раз(а))
  🔄 Заменено: 'Скайуокера' → 'Виндстара' (1 раз(а))
  🔄 Заменено: 'Скайуокером' → 'Виндстаром' (1 раз(а))
  🔄 Заменено: 'Татуин' → 'Дюнарий' (1 раз(а))
  🔄 Заменено: 'Татуина' → 'Дюнария' (1 раз(а))
  🔄 Заменено: 'Татуине' → 'Дюнарии' (1 раз(а))
  🔄 Заменено: 'Торговой Федерацией' → 'Торговым союзом' (1 раз(а))
  🔄 Заменено: 'Торговой Федерации' → 'Торговом союзе' (1 раз(а))
  🔄 Заменено: 'Энакин' → 'Аранис' (20 раз(а))
  🔄 Заменено: 'Энакин Скайуокер' → 'Аранис Виндстар' (2 раз(а))
  🔄 Заменено: 'Энакина' → 'Араниса' (10 раз(а))
  🔄 Заменено: 'Энакином' → 'Аранисом' (6 раз(а))
  🔄 Заменено: 'Энакином Скайуокером' → 'Аранисом Виндстаром' (1 раз(а))
  🔄 Заменено: 'Энакину' → 'Аранису' (5 раз(а))
  🔄 Заменено: 'Эндор' → 'Телура' (3 раз(а))
  🔄 Заменено: 'Эндора' → 'Телуры' (1 раз(а))
  🔄 Заменено: 'бластер' → 'квантомет' (3 раз(а))
  🔄 Заменено: 'бластера' → 'квантомета' (2 раз(а))
  🔄 Заменено: 'бластером' → 'квантометом' (2 раз(а))
  🔄 Заменено: 'войн клонов' → 'генетических войн' (1 раз(а))
  🔄 Заменено: 'гипердвигатель' → 'синхродвигатель' (3 раз(а))
  🔄 Заменено: 'джедае' → 'хранителе' (5 раз(а))
  🔄 Заменено: 'джедаем' → 'хранителем' (2 раз(а))
  🔄 Заменено: 'джедаи' → 'хранители' (3 раз(а))
  🔄 Заменено: 'джедай' → 'хранитель' (4 раз(а))
  🔄 Заменено: 'джедая' → 'хранителя' (11 раз(а))
  🔄 Заменено: 'джеонозисе' → 'ферруме' (1 раз(а))
  🔄 Заменено: 'дроид' → 'автоматон' (139 раз(а))
  🔄 Заменено: 'дроида' → 'автоматона' (52 раз(а))
  🔄 Заменено: 'дроиде' → 'автоматоне' (2 раз(а))
  🔄 Заменено: 'дроидом' → 'автоматоном' (5 раз(а))
  🔄 Заменено: 'дроиду' → 'автоматону' (6 раз(а))
  🔄 Заменено: 'корусанте' → 'просперо' (2 раз(а))
  🔄 Заменено: 'набу' → 'арно' (1 раз(а))
  🔄 Заменено: 'рыцаря-джедая' → 'хранителя' (1 раз(а))
  🔄 Заменено: 'светового меча' → 'квантового клинка' (1 раз(а))
  🔄 Заменено: 'световым мечом' → 'квантовым клинком' (1 раз(а))
  🔄 Заменено: 'световых мечах' → 'квантовых клинках' (1 раз(а))
  🔄 Заменено: 'сила' → 'эфир' (2 раз(а))
  🔄 Заменено: 'силой' → 'эфиром' (1 раз(а))
  🔄 Заменено: 'ситх' → 'особист' (1 раз(а))
  🔄 Заменено: 'ситха' → 'особиста' (1 раз(а))
  🔄 Заменено: 'энакина' → 'араниса' (1 раз(а))
  📊 Всего замен в файле: 749

📄 Файл: Сила.md → Эфир.md
  🔄 Заменено: 'Войны клонов' → 'Генетические войны' (2 раз(а))
  🔄 Заменено: 'Галактической Империи' → 'Империи Вечного Порядка' (1 раз(а))
  🔄 Заменено: 'Галактической Республики' → 'Республики Света' (2 раз(а))
  🔄 Заменено: 'Дарт Сидиус' → 'Лорд Сириус' (1 раз(а))
  🔄 Заменено: 'Дарта Вейдера' → 'Лорда Вейноса' (1 раз(а))
  🔄 Заменено: 'Дарта Сидиуса' → 'Лорда Сириуса' (1 раз(а))
  🔄 Заменено: 'Джедаи' → 'Хранители' (5 раз(а))
  🔄 Заменено: 'Джедай' → 'Хранитель' (1 раз(а))
  🔄 Заменено: 'Дуку' → 'Тираксу' (1 раз(а))
  🔄 Заменено: 'Звезды Смерти' → 'Сферы Аннигиляции' (1 раз(а))
  🔄 Заменено: 'Йода' → 'Дегрей' (4 раз(а))
  🔄 Заменено: 'Квай-Гон Джинн' → 'Квай-Гон Терр' (2 раз(а))
  🔄 Заменено: 'Корусант' → 'Просперо' (1 раз(а))
  🔄 Заменено: 'Корусанта' → 'Просперо' (1 раз(а))
  🔄 Заменено: 'Крайт' → 'Фобос' (1 раз(а))
  🔄 Заменено: 'Люк' → 'Кейл' (1 раз(а))
  🔄 Заменено: 'Люка' → 'Кейла' (1 раз(а))
  🔄 Заменено: 'Люку' → 'Кейлу' (2 раз(а))
  🔄 Заменено: 'Мандалор' → 'Грозный' (2 раз(а))
  🔄 Заменено: 'Оби-Ван' → 'Торас' (1 раз(а))
  🔄 Заменено: 'Оби-Ван Кеноби' → 'Торас Делл' (2 раз(а))
  🔄 Заменено: 'Оби-Вана Кеноби' → 'Тораса Делла' (1 раз(а))
  🔄 Заменено: 'Орден джедаев' → 'Орден Хранителей' (5 раз(а))
  🔄 Заменено: 'Ордене джедаев' → 'Ордене Хранителей' (1 раз(а))
  🔄 Заменено: 'Орденом джедаев' → 'Орденом Хранителей' (2 раз(а))
  🔄 Заменено: 'Ордену джедаев' → 'Ордену Хранителей' (1 раз(а))
  🔄 Заменено: 'Палпатин' → 'Малкор' (3 раз(а))
  🔄 Заменено: 'Палпатина' → 'Малкора' (2 раз(а))
  🔄 Заменено: 'Светлая сторона' → 'Сияние' (4 раз(а))
  🔄 Заменено: 'Светлой стороне' → 'Сиянии' (1 раз(а))
  🔄 Заменено: 'Светлой стороной' → 'Сиянием' (1 раз(а))
  🔄 Заменено: 'Светлой стороны' → 'Сияния' (5 раз(а))
  🔄 Заменено: 'Светлую сторону' → 'Сияние' (1 раз(а))
  🔄 Заменено: 'Сила' → 'Эфир' (48 раз(а))
  🔄 Заменено: 'Силе' → 'Эфире' (19 раз(а))
  🔄 Заменено: 'Силой' → 'Эфиром' (9 раз(а))
  🔄 Заменено: 'Силу' → 'Эфир' (23 раз(а))
  🔄 Заменено: 'Силы' → 'Эфира' (74 раз(а))
  🔄 Заменено: 'Ситх' → 'Особист' (2 раз(а))
  🔄 Заменено: 'Скайуокер' → 'Виндстар' (1 раз(а))
  🔄 Заменено: 'Скайуокеру' → 'Виндстару' (1 раз(а))
  🔄 Заменено: 'Соло' → 'Старран' (2 раз(а))
  🔄 Заменено: 'Тёмная сторона' → 'Туман' (8 раз(а))
  🔄 Заменено: 'Тёмной стороне' → 'Тумане' (2 раз(а))
  🔄 Заменено: 'Тёмной стороной' → 'Туманом' (1 раз(а))
  🔄 Заменено: 'Тёмной стороны' → 'Тумана' (12 раз(а))
  🔄 Заменено: 'Тёмную сторону' → 'Туман' (5 раз(а))
  🔄 Заменено: 'Энакин' → 'Аранис' (1 раз(а))
  🔄 Заменено: 'Энакин Скайуокер' → 'Аранис Виндстар' (1 раз(а))
  🔄 Заменено: 'Энакина' → 'Араниса' (1 раз(а))
  🔄 Заменено: 'Энакина Скайуокера' → 'Араниса Виндстара' (2 раз(а))
  🔄 Заменено: 'Энакином Скайуокером' → 'Аранисом Виндстаром' (1 раз(а))
  🔄 Заменено: 'Эндоре' → 'Телуре' (1 раз(а))
  🔄 Заменено: 'Явине' → 'Нейме' (1 раз(а))
  🔄 Заменено: 'бластер' → 'квантомет' (2 раз(а))
  🔄 Заменено: 'джедае' → 'хранителе' (22 раз(а))
  🔄 Заменено: 'джедаем' → 'хранителем' (1 раз(а))
  🔄 Заменено: 'джедаи' → 'хранители' (16 раз(а))
  🔄 Заменено: 'джедай' → 'хранитель' (6 раз(а))
  🔄 Заменено: 'джедаю' → 'хранителю' (2 раз(а))
  🔄 Заменено: 'джедая' → 'хранителя' (7 раз(а))
  🔄 Заменено: 'мидихлорианами' → 'нейросинхронизаторами' (2 раз(а))
  🔄 Заменено: 'мидихлорианов' → 'нейросинхронизаторов' (1 раз(а))
  🔄 Заменено: 'мидихлорианы' → 'нейросинхронизаторы' (2 раз(а))
  🔄 Заменено: 'ордена джедаев' → 'ордена Хранителей' (1 раз(а))
  🔄 Заменено: 'ордене джедаев' → 'ордене Хранителей' (1 раз(а))
  🔄 Заменено: 'светлая сторона' → 'сияние' (1 раз(а))
  🔄 Заменено: 'светлой стороны' → 'сияния' (1 раз(а))
  🔄 Заменено: 'светлую сторону' → 'сияние' (1 раз(а))
  🔄 Заменено: 'светового меча' → 'квантового клинка' (3 раз(а))
  🔄 Заменено: 'световой меч' → 'квантовый клинок' (1 раз(а))
  🔄 Заменено: 'световым мечом' → 'квантовым клинком' (2 раз(а))
  🔄 Заменено: 'сила' → 'эфир' (7 раз(а))
  🔄 Заменено: 'силе' → 'эфире' (1 раз(а))
  🔄 Заменено: 'силой' → 'эфиром' (2 раз(а))
  🔄 Заменено: 'силы' → 'эфира' (9 раз(а))
  🔄 Заменено: 'ситх' → 'особист' (20 раз(а))
  🔄 Заменено: 'ситха' → 'особиста' (1 раз(а))
  🔄 Заменено: 'тёмная сторона' → 'туман' (1 раз(а))
  🔄 Заменено: 'тёмной стороны' → 'тумана' (1 раз(а))
  🔄 Заменено: 'тёмную сторону' → 'туман' (1 раз(а))
  📊 Всего замен в файле: 391

📄 Файл: Галактическая_гражданская_война.md → Война_За_Наследие_Империи.md
  🔄 Заменено: '501-го Легиона' → 'чёрных легионеров' (1 раз(а))
  🔄 Заменено: '501-й легион' → 'чёрные легионеры' (2 раз(а))
  🔄 Заменено: 'A-wing' → 'A-Staffel' (1 раз(а))
  🔄 Заменено: 'AT-AT' → 'ММ-123' (3 раз(а))
  🔄 Заменено: 'AT-ST' → 'КМ-99' (2 раз(а))
  🔄 Заменено: 'C-3PO' → 'PROMT-3' (3 раз(а))
  🔄 Заменено: 'R2-D2' → 'KUBER-77' (9 раз(а))
  🔄 Заменено: 'X-wing' → 'X-Staffel' (4 раз(а))
  🔄 Заменено: 'Y-wing' → 'Y-Staffel' (2 раз(а))
  🔄 Заменено: 'Боба Фетт' → 'Гарн Тралл' (3 раз(а))
  🔄 Заменено: 'Бобой Феттом' → 'Гарном Траллом' (2 раз(а))
  🔄 Заменено: 'Войн клонов' → 'Генетических войн' (2 раз(а))
  🔄 Заменено: 'Войнам клонов' → 'Генетическим войнам' (1 раз(а))
  🔄 Заменено: 'Войны клонов' → 'Генетические войны' (1 раз(а))
  🔄 Заменено: 'Галактическая Империя' → 'Империя Вечного Порядка' (2 раз(а))
  🔄 Заменено: 'Галактическая гражданская война' → 'Война за Наследие Империи' (3 раз(а))
  🔄 Заменено: 'Галактической Империей' → 'Империей Вечного Порядка' (2 раз(а))
  🔄 Заменено: 'Галактической Империи' → 'Империи Вечного Порядка' (2 раз(а))
  🔄 Заменено: 'Галактической гражданской войне' → 'Войне за Наследие Империи' (2 раз(а))
  🔄 Заменено: 'Галактической гражданской войной' → 'Войной за Наследие Империи' (1 раз(а))
  🔄 Заменено: 'Галактической гражданской войны' → 'Войны за Наследие Империи' (5 раз(а))
  🔄 Заменено: 'Галактическую Империю' → 'Империю Вечного Порядка' (1 раз(а))
  🔄 Заменено: 'Дагоба' → 'Ио' (2 раз(а))
  🔄 Заменено: 'Дарт Вейдер' → 'Лорд Вейнос' (8 раз(а))
  🔄 Заменено: 'Дарт Сидиус' → 'Лорд Сириус' (1 раз(а))
  🔄 Заменено: 'Дарта Вейдера' → 'Лорда Вейноса' (3 раз(а))
  🔄 Заменено: 'Дартом Вейдером' → 'Лордом Вейносом' (1 раз(а))
  🔄 Заменено: 'Дарту Вейдеру' → 'Лорду Вейносу' (3 раз(а))
  🔄 Заменено: 'Джедаи' → 'Хранители' (2 раз(а))
  🔄 Заменено: 'Джеонозиса' → 'Феррума' (3 раз(а))
  🔄 Заменено: 'Звезда Смерти' → 'Сфера Аннигиляции' (3 раз(а))
  🔄 Заменено: 'Звезде Смерти' → 'Сфере Аннигиляции' (4 раз(а))
  🔄 Заменено: 'Звездой Смерти' → 'Сферой Аннигиляции' (1 раз(а))
  🔄 Заменено: 'Звезду Смерти' → 'Сферу Аннигиляции' (3 раз(а))
  🔄 Заменено: 'Звезды Смерти' → 'Сферы Аннигиляции' (21 раз(а))
  🔄 Заменено: 'Звёздный разрушитель' → 'Линейный крейсер' (1 раз(а))
  🔄 Заменено: 'Йода' → 'Дегрей' (2 раз(а))
  🔄 Заменено: 'Йоды' → 'Дегрея' (3 раз(а))
  🔄 Заменено: 'Кашиик' → 'Верден' (2 раз(а))
  🔄 Заменено: 'Кашиика' → 'Вердена' (4 раз(а))
  🔄 Заменено: 'Кашиике' → 'Вердене' (2 раз(а))
  🔄 Заменено: 'Кашиику' → 'Вердену' (1 раз(а))
  🔄 Заменено: 'Кеноби' → 'Делл' (5 раз(а))
  🔄 Заменено: 'Корусант' → 'Просперо' (15 раз(а))
  🔄 Заменено: 'Корусанта' → 'Просперо' (6 раз(а))
  🔄 Заменено: 'Корусанте' → 'Просперо' (5 раз(а))
  🔄 Заменено: 'Корусантом' → 'Просперо' (1 раз(а))
  🔄 Заменено: 'Крайт' → 'Фобос' (3 раз(а))
  🔄 Заменено: 'Крайта' → 'Фобоса' (1 раз(а))
  🔄 Заменено: 'Лее Органе' → 'Карине Вальс' (1 раз(а))
  🔄 Заменено: 'Леей' → 'Кариной' (1 раз(а))
  🔄 Заменено: 'Леей Органой' → 'Кариной Вальс' (4 раз(а))
  🔄 Заменено: 'Леи' → 'Карины' (7 раз(а))
  🔄 Заменено: 'Леи Органы' → 'Карины Вальс' (3 раз(а))
  🔄 Заменено: 'Лею' → 'Карину' (8 раз(а))
  🔄 Заменено: 'Лею Органу' → 'Карину Вальс' (1 раз(а))
  🔄 Заменено: 'Лея' → 'Карина' (10 раз(а))
  🔄 Заменено: 'Лея Органа' → 'Карина Вальс' (8 раз(а))
  🔄 Заменено: 'Люк' → 'Кейл' (42 раз(а))
  🔄 Заменено: 'Люка' → 'Кейла' (22 раз(а))
  🔄 Заменено: 'Люком' → 'Кейлом' (6 раз(а))
  🔄 Заменено: 'Люку' → 'Кейлу' (4 раз(а))
  🔄 Заменено: 'Набу' → 'Арно' (2 раз(а))
  🔄 Заменено: 'Оби-Ван' → 'Торас' (10 раз(а))
  🔄 Заменено: 'Оби-Ван Кеноби' → 'Торас Делл' (2 раз(а))
  🔄 Заменено: 'Оби-Вана Кеноби' → 'Тораса Делла' (2 раз(а))
  🔄 Заменено: 'Оби-Вану Кеноби' → 'Торасу Деллу' (1 раз(а))
  🔄 Заменено: 'Ордена джедаев' → 'Ордена Хранителей' (1 раз(а))
  🔄 Заменено: 'Падме Амидалы' → 'Падме Астры' (1 раз(а))
  🔄 Заменено: 'Палпатин' → 'Малкор' (27 раз(а))
  🔄 Заменено: 'Палпатина' → 'Малкора' (19 раз(а))
  🔄 Заменено: 'Палпатином' → 'Малкором' (1 раз(а))
  🔄 Заменено: 'Палпатину' → 'Малкору' (1 раз(а))
  🔄 Заменено: 'Повстанческий Альянс' → 'Сопротивление Свободы' (3 раз(а))
  🔄 Заменено: 'Повстанческий альянс' → 'Сопротивление Свободы' (1 раз(а))
  🔄 Заменено: 'Повстанческого Альянса' → 'Сопротивления Свободы' (3 раз(а))
  🔄 Заменено: 'Повстанческого альянса' → 'Сопротивления Свободы' (1 раз(а))
  🔄 Заменено: 'Повстанческому Альянсу' → 'Сопротивлению Свободы' (1 раз(а))
  🔄 Заменено: 'Рен' → 'Солус' (4 раз(а))
  🔄 Заменено: 'Силе' → 'Эфире' (8 раз(а))
  🔄 Заменено: 'Силой' → 'Эфиром' (4 раз(а))
  🔄 Заменено: 'Силу' → 'Эфир' (7 раз(а))
  🔄 Заменено: 'Силы' → 'Эфира' (18 раз(а))
  🔄 Заменено: 'Ситх' → 'Особист' (1 раз(а))
  🔄 Заменено: 'Скайуокер' → 'Виндстар' (29 раз(а))
  🔄 Заменено: 'Скайуокера' → 'Виндстара' (16 раз(а))
  🔄 Заменено: 'Скайуокером' → 'Виндстаром' (4 раз(а))
  🔄 Заменено: 'Скайуокеру' → 'Виндстару' (2 раз(а))
  🔄 Заменено: 'Соло' → 'Старран' (20 раз(а))
  🔄 Заменено: 'Татуин' → 'Дюнарий' (3 раз(а))
  🔄 Заменено: 'Татуина' → 'Дюнария' (1 раз(а))
  🔄 Заменено: 'Татуине' → 'Дюнарии' (7 раз(а))
  🔄 Заменено: 'Тысячелетнего Сокола' → 'Столетнего сокола' (1 раз(а))
  🔄 Заменено: 'Тысячелетнего сокола' → 'Столетнего сокола' (4 раз(а))
  🔄 Заменено: 'Тысячелетнем соколе' → 'Столетнем соколе' (1 раз(а))
  🔄 Заменено: 'Тысячелетний сокол' → 'Столетний сокол' (5 раз(а))
  🔄 Заменено: 'Тёмной стороне' → 'Тумане' (2 раз(а))
  🔄 Заменено: 'Тёмной стороны' → 'Тумана' (6 раз(а))
  🔄 Заменено: 'Тёмную сторону' → 'Туман' (1 раз(а))
  🔄 Заменено: 'Хан' → 'Декс' (3 раз(а))
  🔄 Заменено: 'Хан Соло' → 'Декс Старран' (11 раз(а))
  🔄 Заменено: 'Хана' → 'Декса' (5 раз(а))
  🔄 Заменено: 'Хана Соло' → 'Декса Старрана' (5 раз(а))
  🔄 Заменено: 'Ханом' → 'Дексом' (1 раз(а))
  🔄 Заменено: 'Ханом Соло' → 'Дексом Старраном' (5 раз(а))
  🔄 Заменено: 'Хану' → 'Дексу' (1 раз(а))
  🔄 Заменено: 'Хану Соло' → 'Дексу Старрану' (1 раз(а))
  🔄 Заменено: 'Чубакка' → 'Чукчукка' (11 раз(а))
  🔄 Заменено: 'Чубакке' → 'Чукчукке' (1 раз(а))
  🔄 Заменено: 'Чубаккой' → 'Чукчуккой' (1 раз(а))
  🔄 Заменено: 'Энакин' → 'Аранис' (2 раз(а))
  🔄 Заменено: 'Энакина' → 'Араниса' (12 раз(а))
  🔄 Заменено: 'Энакина Скайуокера' → 'Араниса Виндстара' (2 раз(а))
  🔄 Заменено: 'Энакином Скайуокером' → 'Аранисом Виндстаром' (1 раз(а))
  🔄 Заменено: 'Эндор' → 'Телура' (1 раз(а))
  🔄 Заменено: 'Эндора' → 'Телуры' (4 раз(а))
  🔄 Заменено: 'Эндоре' → 'Телуре' (11 раз(а))
  🔄 Заменено: 'Явин' → 'Нейма' (6 раз(а))
  🔄 Заменено: 'Явина' → 'Неймы' (6 раз(а))
  🔄 Заменено: 'Явине' → 'Нейме' (9 раз(а))
  🔄 Заменено: 'армии клонов' → 'генетических легионах' (1 раз(а))
  🔄 Заменено: 'армию клонов' → 'генетические легионы' (1 раз(а))
  🔄 Заменено: 'галактическая гражданская война' → 'война за Наследие Империи' (1 раз(а))
  🔄 Заменено: 'галактической гражданской войны' → 'войны за Наследие Империи' (2 раз(а))
  🔄 Заменено: 'гипердвигателе' → 'синхродвигателе' (1 раз(а))
  🔄 Заменено: 'гипердвигатель' → 'синхродвигатель' (2 раз(а))
  🔄 Заменено: 'джедае' → 'хранителе' (23 раз(а))
  🔄 Заменено: 'джедаем' → 'хранителем' (2 раз(а))
  🔄 Заменено: 'джедаи' → 'хранители' (6 раз(а))
  🔄 Заменено: 'джедай' → 'хранитель' (2 раз(а))
  🔄 Заменено: 'джедаю' → 'хранителю' (1 раз(а))
  🔄 Заменено: 'джедая' → 'хранителя' (4 раз(а))
  🔄 Заменено: 'дроид' → 'автоматон' (12 раз(а))
  🔄 Заменено: 'дроида' → 'автоматона' (3 раз(а))
  🔄 Заменено: 'дроидом' → 'автоматоном' (2 раз(а))
  🔄 Заменено: 'звезды смерти' → 'сферы Аннигиляции' (1 раз(а))
  🔄 Заменено: 'звёздного разрушителя' → 'линейного крейсера' (2 раз(а))
  🔄 Заменено: 'звёздный разрушитель' → 'линейный крейсер' (7 раз(а))
  🔄 Заменено: 'звёздным разрушителем' → 'линейным крейсером' (2 раз(а))
  🔄 Заменено: 'кашиика' → 'вердена' (1 раз(а))
  🔄 Заменено: 'кашиике' → 'вердене' (1 раз(а))
  🔄 Заменено: 'корусанта' → 'просперо' (2 раз(а))
  🔄 Заменено: 'ордена джедаев' → 'ордена Хранителей' (1 раз(а))
  🔄 Заменено: 'палпатина' → 'малкора' (2 раз(а))
  🔄 Заменено: 'рыцарем-джедаем' → 'хранителем' (1 раз(а))
  🔄 Заменено: 'рыцари-джедаи' → 'хранители' (1 раз(а))
  🔄 Заменено: 'рыцарь-джедай' → 'хранитель' (1 раз(а))
  🔄 Заменено: 'рыцаря-джедая' → 'хранителя' (1 раз(а))
  🔄 Заменено: 'световой меч' → 'квантовый клинок' (1 раз(а))
  🔄 Заменено: 'световым мечом' → 'квантовым клинком' (1 раз(а))
  🔄 Заменено: 'сила' → 'эфир' (19 раз(а))
  🔄 Заменено: 'силе' → 'эфире' (1 раз(а))
  🔄 Заменено: 'силой' → 'эфиром' (2 раз(а))
  🔄 Заменено: 'силу' → 'эфир' (1 раз(а))
  🔄 Заменено: 'силы' → 'эфира' (34 раз(а))
  🔄 Заменено: 'ситх' → 'особист' (17 раз(а))
  🔄 Заменено: 'скайуокером' → 'виндстаром' (1 раз(а))
  🔄 Заменено: 'тёмную сторону' → 'туман' (1 раз(а))
  🔄 Заменено: 'эндор' → 'телура' (1 раз(а))
  🔄 Заменено: 'явин' → 'нейма' (1 раз(а))
  🔄 Заменено: 'явина' → 'неймы' (1 раз(а))
  🔄 Заменено: 'явине' → 'нейме' (1 раз(а))
  📊 Всего замен в файле: 764

📄 Файл: Гипердвигатель.md → Синхродвигатель.md
  🔄 Заменено: 'C-3PO' → 'PROMT-3' (1 раз(а))
  🔄 Заменено: 'Бобы Фетта' → 'Гарна Тралла' (1 раз(а))
  🔄 Заменено: 'Войн клонов' → 'Генетических войн' (2 раз(а))
  🔄 Заменено: 'Галактической Империи' → 'Империи Вечного Порядка' (1 раз(а))
  🔄 Заменено: 'Галактической Республики' → 'Республики Света' (2 раз(а))
  🔄 Заменено: 'Галактической гражданской войны' → 'Войны за Наследие Империи' (1 раз(а))
  🔄 Заменено: 'Гипердвигатель' → 'Синхродвигатель' (4 раз(а))
  🔄 Заменено: 'Корусант' → 'Просперо' (1 раз(а))
  🔄 Заменено: 'Корусанте' → 'Просперо' (1 раз(а))
  🔄 Заменено: 'Палпатина' → 'Малкора' (1 раз(а))
  🔄 Заменено: 'Рен' → 'Солус' (1 раз(а))
  🔄 Заменено: 'Силой' → 'Эфиром' (1 раз(а))
  🔄 Заменено: 'Силы' → 'Эфира' (1 раз(а))
  🔄 Заменено: 'Тысячелетний сокол' → 'Столетний сокол' (2 раз(а))
  🔄 Заменено: 'гипердвигателем' → 'синхродвигателем' (3 раз(а))
  🔄 Заменено: 'гипердвигатель' → 'синхродвигатель' (12 раз(а))
  🔄 Заменено: 'гипердвигателя' → 'синхродвигателя' (18 раз(а))
  🔄 Заменено: 'джедай' → 'хранитель' (1 раз(а))
  🔄 Заменено: 'мандалор' → 'грозный' (1 раз(а))
  🔄 Заменено: 'ситх' → 'особист' (1 раз(а))
  🔄 Заменено: 'тёмной стороны' → 'тумана' (1 раз(а))
  📊 Всего замен в файле: 57


==================================================
СВОДНАЯ ИНФОРМАЦИЯ:
Обработано файлов: 23/23
Всего замен: 21414
Исходная директория: raw
Целевая директория: kb
Режим dry-run: НЕТ
==================================================